sign_id,numbering_system,description,wells_ids,mahadevan_ids,parpola_allographs,n_feature_dims,corpus_freq,start_rate,end_rate,internal_rate,in_corpus,source
P000,parpola_1982,Represents a section of significant damage or lost material,,,V599,1,19,0.5789,0.3158,0.1053,True,mayig_features
P001,parpola_1982,"Person carrying two burdens, ",W151,M012,V144|V143|V385|V539,2,71,0.8873,0.0141,0.0986,True,mayig_features
P002,parpola_1982,"Person carrying two burdens, small vertical stroke between legs",,M013,V586,2,0,0,0,0,False,mayig_features
P003,parpola_1982,"Person carrying two burdens, triangle or diamond for a head",W159|W160|W161,M011|M014,V244|V320|V341|V465,4,6,0.0,0.0,1.0,True,mayig_features
P004,parpola_1982,"Person carrying two burdens, jar handles for a head",W153|W154|W155|W156|W158,M015,V145|V538,3,123,0.8374,0.0,0.1626,True,mayig_features
P005,parpola_1982,"Person carrying two burdens, jar handles for a head. Pitchfork off shoulder",,,V750,4,0,0,0,0,False,mayig_features
P006,parpola_1982,"Two people, each carrying two burdens, carrying a tall hatched triangle between them",W123,M016,V370,4,0,0,0,0,False,mayig_features
P007,parpola_1982,Person with flag for a head,W105|W107,M004,V146|V374,1,2,0.0,1.0,0.0,True,mayig_features
P008,parpola_1982,Person with two flags for a head,W106,M005,V147,0,0,0,0,0,False,mayig_features
P009,parpola_1982,Person with three heads,W100,M008,V134|V559,1,95,0.0211,0.0316,0.9474,True,mayig_features
P010,parpola_1982,"Person with three heads, bracketed by right parentheses",W101|W103,M009,V505|V071|V252|V685,2,8,0.0,0.125,0.875,True,mayig_features
P011,parpola_1982,Person with round breasts and one raised arm,W140,M017,V097|V534,1,84,0.0476,0.4167,0.5357,True,mayig_features
P012,parpola_1982,Person with an extra raised arm,W098,M007,V268|V743,1,1,0.0,0.0,1.0,True,mayig_features
P013,parpola_1982,"Person with two arms and two legs, ",W090,M001,V133|V535,0,118,0.7712,0.0593,0.1695,True,mayig_features
P014,parpola_1982,"Person with two arms and two legs, small vertical stroke between legs",W093,M003,V394,0,8,0.25,0.0,0.75,True,mayig_features
P015,parpola_1982,"Person with two arms and two legs, bracketed by tall vertical lines",W097,M002,V518|V150,0,0,0,0,0,False,mayig_features
P016,parpola_1982,Two simple persons standing side by side,W091,M002,V110|V692,0,0,0,0,0,False,mayig_features
P017,parpola_1982,"Person with two arms and two legs, standing on a long horizontal stroke",,M043,V391,0,0,0,0,0,False,mayig_features
P018,parpola_1982,"Person with two arms and two legs, standing on a long horizontal stroke, bracketed by tall vertical strokes",,,V754,0,0,0,0,0,False,mayig_features
P019,parpola_1982,"Person with two arms and two legs, small leaf almost like a phallus on right thigh",W137,M040,V148|V786,0,0,0,0,0,False,mayig_features
P020,parpola_1982,Person with a half-height caret coming off the right foot,W104,M041,V149|V772,0,18,0.0556,0.7778,0.1667,True,mayig_features
P021,parpola_1982,Person standing on two wagon wheels,W118,M042,V741,0,0,0,0,0,False,mayig_features
P022,parpola_1982,Person with pitchfork head across waist,W094,M038,V307,1,6,0.8333,0.0,0.1667,True,mayig_features
P023,parpola_1982,Person with short stick,W095,M018,V135|V427,1,14,0.0,0.4286,0.5714,True,mayig_features
P024,parpola_1982,Person with large animal leg,W121,M037,V449,0,0,0,0,0,False,mayig_features
P025,parpola_1982,Person holding tree with branches,,M021,V388|V237,1,0,0,0,0,False,mayig_features
P026,parpola_1982,Person with pitchfork,W130,M019,V138|V763,1,10,0.2,0.1,0.7,True,mayig_features
P027,parpola_1982,"Person with pitchfork, small vertical stroke between feet",W131,M020,V353,1,0,0,0,0,False,mayig_features
P028,parpola_1982,Person with antenna,W133,M023,V336,1,0,0,0,0,False,mayig_features
P029,parpola_1982,Person with two antennae,W134,M024,V697,1,0,0,0,0,False,mayig_features
P030,parpola_1982,"Person with short stick, several small vertical strokes coming away from stick",W145,,V340|V305,2,0,0,0,0,False,mayig_features
P031,parpola_1982,Person with staff,W142,M025,V136|V450,0,57,0.0351,0.2632,0.7018,True,mayig_features
P032,parpola_1982,"Person with staff, caged by four small vertical strokes",W144,M026,V570,0,2,0.0,1.0,0.0,True,mayig_features
P033,parpola_1982,Person with two staves,W143,,V348,0,0,0,0,0,False,mayig_features
P034,parpola_1982,"Person with bow and arrow, but no bowstring",W146,M027,V137,0,0,0,0,0,False,mayig_features
P035,parpola_1982,Person with bow and arrow,W125|W126,M028,V139|V390,2,50,0.04,0.3,0.66,True,mayig_features
P036,parpola_1982,Person with two bows and arrows,W127,M029,V304,0,0,0,0,0,False,mayig_features
P037,parpola_1982,Person with triangular 'pincer',W122,M036,V316|V718,0,1,0.0,0.0,1.0,True,mayig_features
P038,parpola_1982,Person with diamond connected to the right,W119,M030,V366,1,2,0.0,1.0,0.0,True,mayig_features
P039,parpola_1982,"Person with large leaf, dot in leaf",W117,M031,V417,0,0,0,0,0,False,mayig_features
P040,parpola_1982,Person with U,W110|W111,M032,V140|V096,2,11,0.2727,0.0909,0.6364,True,mayig_features
P041,parpola_1982,"Person with U with vertical stroke inserted, stroke has a small dot at the bottom",W112,M034,V141,0,3,0.0,1.0,0.0,True,mayig_features
P042,parpola_1982,Person with cat's paw,W113,M035,V142|V780,0,0,0,0,0,False,mayig_features
P043,parpola_1982,Deer facing to the right (see also P303),W340|W341|W342|W343|W344|W345|W347|W348,M050,V288,1,6,0.0,0.5,0.5,True,mayig_features
P044,parpola_1982,Deer facing to the left,W346,M050,V077,0,1,0.0,1.0,0.0,True,mayig_features
P045,parpola_1982,Cow's leg with horizontal hatching,W280,M084,V328|V269,1,0,0,0,0,False,mayig_features
P046,parpola_1982,"Cow's leg with horizontal hatching, bracketed by angled vertical lines",W281,M085,V408,1,0,0,0,0,False,mayig_features
P047,parpola_1982,"Vertical line with rounded and hatched decoration at the middle, capped by a caret hat",W517|W518,M398,V323|V264,1,1,0.0,1.0,0.0,True,mayig_features
P048,parpola_1982,"Fish with no arms, caret hat, diagonal hatching throughout",W243,M075,V087,1,11,0.0909,0.2727,0.6364,True,mayig_features
P049,parpola_1982,Fish with no arms and no other decoration,,,V354,0,0,0,0,0,False,mayig_features
P050,parpola_1982,Fish with no other decoration,W220,M059,V177|V517,0,316,0.0538,0.0981,0.8481,True,mayig_features
P051,parpola_1982,Fish with four small vertical strokes around the four corners,W226,M060,V513|V321,0,31,0.6129,0.129,0.2581,True,mayig_features
P052,parpola_1982,"Fish and 'table' with four small vertical strokes around the four corners, 'table' has a small box on top",W944,M061,V546,0,0,0,0,0,False,mayig_features
P053,parpola_1982,"Simple fish inside parentheses, with a small tooth coming off the top right or the right paren",W222,M062,V521,0,17,0.0,0.1176,0.8824,True,mayig_features
P054,parpola_1982,Simple fish and bird inside parentheses,W940,M064,V588|V325,0,3,0.0,0.0,1.0,True,mayig_features
P055,parpola_1982,Simple bird and fish inside parentheses,W942|W943,M064,V558,1,0,0,0,0,False,mayig_features
P056,parpola_1982,Fish with a small vertical stroke in the body,W231,M070,V178|V461,1,69,0.0145,0.2174,0.7681,True,mayig_features
P057,parpola_1982,"Fish with a small vertical stroke in the body, caged by four small vertical strokes",W232,M071,V522|V669,0,0,0,0,0,False,mayig_features
P058,parpola_1982,Fish with a horizontal line through body,W233,M072,V179|V463,1,155,0.0129,0.1871,0.8,True,mayig_features
P059,parpola_1982,"Fish with a horizontal line through body, caged by four small vertical lines",W234,M073,V530|V172,1,0,0,0,0,False,mayig_features
P060,parpola_1982,Fish with a caret shaped hat,W235,M065,V086|V568,0,206,0.0049,0.3641,0.6311,True,mayig_features
P061,parpola_1982,"Fish with a caret shaped hat, caged by four small vertical strokes",W236,M066,V520,0,1,0.0,0.0,1.0,True,mayig_features
P062,parpola_1982,Fish with extra whiskers on cheeks,W240|W242,M067,V180|V236|V541,2,277,0.0036,0.2022,0.7942,True,mayig_features
P063,parpola_1982,"Fish with extra whiskers on cheeks, caged by four small vertical strokes",W241,M068,V512|V120,2,0,0,0,0,False,mayig_features
P064,parpola_1982,Fish with extra legs,W227|W228,M074,V181,1,0,0,0,0,False,mayig_features
P065,parpola_1982,Fish with bird wings and a three feather tail,W244,M083,V183,0,5,0.4,0.4,0.2,True,mayig_features
P066,parpola_1982,Semi-realistic bird with no wings,W264|W266|W268,M076|M077|M078,V188|V531,4,0,0,0,0,False,mayig_features
P067,parpola_1982,Large left and right parentheses surrounding an upward-pointing bird with no wings,W265|W267|W269|W270|W271,M081,V503|V263,4,11,0.1818,0.0,0.8182,True,mayig_features
P068,parpola_1982,Duck in circular pond,W952,M082,V515,0,0,0,0,0,False,mayig_features
P069,parpola_1982,"Semi-realistic bird with no wings, swan's neck pointing backwards",W262,M079,V524,1,0,0,0,0,False,mayig_features
P070,parpola_1982,Upward-pointing bird with wings,W272,M080,V747,0,5,0.0,0.8,0.2,True,mayig_features
P071,parpola_1982,Leftward-pointing bird with vertical tail,W260,M076,V189|V489,0,9,0.0,0.6667,0.3333,True,mayig_features
P072,parpola_1982,Leftward-pointing bird with rooster tail,,,V527,0,0,0,0,0,False,mayig_features
P073,parpola_1982,Unknown asymmetric animal? Perhaps a fish with asymmetric fins and legs?,W255,M051,V184|V460,2,92,0.0109,0.3043,0.6848,True,mayig_features
P074,parpola_1982,Unknown asymmetric animal? Perhaps a fish with asymmetric fins and legs? Attached on left to a tall vertical stroke,W256,M052,V368,2,0,0,0,0,False,mayig_features
P075,parpola_1982,"Leaf with 'pincers' coming off the right, possibly with small stroke legs off top and bottom of leaf",W193|W797|W798,M053,V168|V579,3,4,0.0,0.25,0.75,True,mayig_features
P076,parpola_1982,"Squashed spider, with right two legs slightly more away from the body",W190|W192|W194,M054|M055,V190|V544,3,16,0.0625,0.5625,0.375,True,mayig_features
P077,parpola_1982,"Two stacked leaves, with ladder going up and to the right from the center",W201,M412,V193|V490,1,0,0,0,0,False,mayig_features
P078,parpola_1982,"Two stacked half-leaves (just the right half), with long stroke going up and to the right from the center",W894,M310,V357,1,0,0,0,0,False,mayig_features
P079,parpola_1982,Two stacked leaves,W200,M410,V781,0,0,0,0,0,False,mayig_features
P080,parpola_1982,"Two stacked leaves, connected on left to a tall vertical stroke",W203,M413,V419,0,0,0,0,0,False,mayig_features
P081,parpola_1982,"Serif'd three sided hat, over two small dots connected by a diagonal line",,,V722,0,0,0,0,0,False,mayig_features
P082,parpola_1982,"Two stacked leaves, two inverted caret legs on each leaf, and wings pointing away from each other on each leaf",W205|W206|W207|W208|W209,M057,V195,3,5,0.0,0.0,1.0,True,mayig_features
P083,parpola_1982,"Two stacked leaves, with lines coming away on the right of each leaf",W204,M056,V194,1,1,0.0,0.0,1.0,True,mayig_features
P084,parpola_1982,"Oval with several short strokes coming off the bottom, and a very small tree-like shape at the top.",W285|W286|W287,M395,V191|V557,2,3,0.0,0.0,1.0,True,mayig_features
P085,parpola_1982,"Singly, symetrically bifurcated tall vertical stroke",W064,M161,V443,0,0,0,0,0,False,mayig_features
P086,parpola_1982,Simple tree with branches at the top,W390|W392|W405|W406|W407|W408,M161|M162|M167|M168|M169,V126|V127|V151|V508,4,433,0.4734,0.0231,0.5035,True,mayig_features
P087,parpola_1982,"Simple tree with branches at the top, caged in four pairs of small vertical strokes",W393,M164,V748,4,0,0,0,0,False,mayig_features
P088,parpola_1982,"Simple tree with branches at the top, with a pitchfork head at either top or bottom",W394,M165|M166,V466|V547,4,0,0,0,0,False,mayig_features
P089,parpola_1982,Three pronged tree with caret hat,W391,M163,V084|V801,0,7,0.4286,0.4286,0.1429,True,mayig_features
P090,parpola_1982,"Tall vertical stroke, with M shaped diagonal wiggle through middle",W956,,V592,0,0,0,0,0,False,mayig_features
P091,parpola_1982,"Horizontal line with multiple lines out the top, lines or U out the bottom",W350|W352|W353|W354,M174|M175,V045|V044|V523,3,37,0.0541,0.0811,0.8649,True,mayig_features
P092,parpola_1982,Pitchfork with tines,W415,M171,V042|V182,1,118,0.0508,0.2712,0.678,True,mayig_features
P093,parpola_1982,"Two pitchforks with tines, facing each other vertically",W417,M172,V360,1,0,0,0,0,False,mayig_features
P094,parpola_1982,"Pitckfork with two vertical tines on ends, one triangular tine in the middle",W521,,V247|V464,0,7,0.1429,0.2857,0.5714,True,mayig_features
P095,parpola_1982,Pitckfork with two stacked heads,W416,M173,V043|V404,1,40,0.15,0.6,0.25,True,mayig_features
P096,parpola_1982,"U where one arm has a double headed pitchfork, the other is a tree symbol",W770|W772|W773,M348,V212,3,19,0.0,0.0,1.0,True,mayig_features
P097,parpola_1982,"Pitckfork with two stacked heads, inside a rectangular box, possibly with a small tooth off the right edge of the box",W642,,V733,2,0,0,0,0,False,mayig_features
P098,parpola_1982,Vertical line with small horizontal lines coming off one side across the entire height,W400|W402,M176,V051|V486,3,332,0.8916,0.003,0.1054,True,mayig_features
P099,parpola_1982,Vertical line with small horizontal lines crossing it across the entire height,W413,M177,V026,2,27,0.1852,0.5926,0.2222,True,mayig_features
P100,parpola_1982,"Wheat shaft. Vertical stroke with upward pointing diagonal strokes on both sides, going the full length of the shaft",W411,M168,V470,1,0,0,0,0,False,mayig_features
P101,parpola_1982,"Wheat shaft. Vertical stroke with upward pointing diagonal strokes on both sides, but leaves only at the top",,M167,V795,1,0,0,0,0,False,mayig_features
P102,parpola_1982,"Curved wheat shaft in two long vertical strokes. Wheat shaft is: curved stroke with upward pointing diagonal strokes on both sides, going the full length of the shaft",W412,,V382,1,0,0,0,0,False,mayig_features
P103,parpola_1982,"Plant curving left, small leaf at top, larger leaf at middle forming two leaves on either side of stem",W374,M400,V187|V295,0,12,0.0,0.3333,0.6667,True,mayig_features
P104,parpola_1982,"Plant curving left, small leaf at top, larger leaf at middle forming two leaves on either side of stem. Bracketed by two inward taperd vertical lines",W375,M401,V476,1,0,0,0,0,False,mayig_features
P105,parpola_1982,"Plant curving left, small leaf at top, larger leaf at middle forming two leaves on either side of stem. Standing on top of horizontal pedestal",,,V272,0,0,0,0,0,False,mayig_features
P106,parpola_1982,"Flowering plant with 'sapling' on right, 'tree branch' on left",W767,M351,V238,0,0,0,0,0,False,mayig_features
P107,parpola_1982,"Flowering plant with 'sapling' on left, 'tree branch' on right, 'garlic' in center",W768,M372,V342,0,0,0,0,0,False,mayig_features
P108,parpola_1982,"The 'garlic' motif. Vertical stroke, broken by a circle with a dot in it",W370|W371|W372,M397,V174|V573,3,17,0.0,0.5882,0.4118,True,mayig_features
P109,parpola_1982,"The 'garlic' motif next to a leaf with a small vertical center decoration, all inside a cage of four small vertical strokes",W946,M377,V561,1,0,0,0,0,False,mayig_features
P110,parpola_1982,"Upside-down heart symbol with horizontal hatching, with vertical stroke coming from bottom of heart. Heart has two small decorations coming off the top center",W388,M327,V094|V739,0,36,0.0,0.25,0.75,True,mayig_features
P111,parpola_1982,"Upside-down heart symbol, with vertical stroke coming from bottom of heart",W382,M325,V167|V483,1,13,0.0769,0.3077,0.6154,True,mayig_features
P112,parpola_1982,"Upside-down heart symbol, possibly with vertical stroke coming from bottom of heart, vertical stroke decoration",W384|W385,M326,V093|V293,1,0,0,0,0,False,mayig_features
P113,parpola_1982,"Upside-down heart symbol, possibly with vertical stroke coming from bottom of heart, vertical stroke decoration. On top of three horizontally adjacent triangles",,,V745,1,0,0,0,0,False,mayig_features
P114,parpola_1982,"A single vertical line, with two person arms; head may be circle or continuation of line",W070|W072,M155,V173|V091|V373|V528,1,40,0.05,0.125,0.825,True,mayig_features
P115,parpola_1982,"A single vertical line, with two person arms; head may be circle or continuation of line. Bracketed by inverted parentheses",W073,M156,V555,1,0,0,0,0,False,mayig_features
P116,parpola_1982,"A single vertical line, with two person arms; head is crossed by a horizontal decoration",W071,M157,V326,1,0,0,0,0,False,mayig_features
P117,parpola_1982,Flowering plant with three stems that meet at the bottom,W776|W783|W784|W785|W786,M367,V215|V214|V266,1,10,0.1,0.2,0.7,True,mayig_features
P118,parpola_1982,Flowering plant with two stems that meet at the bottom. Leaf with pincers between stems,W777|W778|W782,M362|M363|M364,V497|V724,1,0,0,0,0,False,mayig_features
P119,parpola_1982,Two top-aligned small vertical strokes (prefer P122),,M099,V025|V509,0,0,0,0,0,False,mayig_features
P120,parpola_1982,"A single small vertical line, then another vertical line with the bottom half slanting under the first line (like a Japanese 'ri' character).",W060,M123,V154|V469,2,197,0.0102,0.0102,0.9797,True,mayig_features
P121,parpola_1982,"Simple, half-height vertical stroke",W001,M097|M098,V001|V023|V258|V423|V764|V768,1,163,0.0859,0.0368,0.8773,True,mayig_features
P122,parpola_1982,Two adjacent half-height simple vertical strokes,W002,M099|M100,V002|V231|V765|V769,1,659,0.0319,0.0137,0.9545,True,mayig_features
P123,parpola_1982,Three adjacent half-height simple vertical strokes,W003,M102|M103,V003|V199|V766|V770,1,173,0.0116,0.5145,0.474,True,mayig_features
P124,parpola_1982,Four adjacent half-height simple vertical strokes,W004|W014,M104|M105,V004|V016|V438|V678|V767|V771,2,69,0.0145,0.3333,0.6522,True,mayig_features
P125,parpola_1982,Five simple vertical strokes,W005|W015,M106|M107,V005|V017|V715|V799,2,43,0.0233,0.5581,0.4186,True,mayig_features
P126,parpola_1982,Six short vertical strokes,W006|W016,M108|M109,V006|V018|V670|V723,2,44,0.0455,0.3864,0.5682,True,mayig_features
P127,parpola_1982,Seven short vertical strokes,W007|W017,M110|M112,V007|V019|V690,2,58,0.0,0.2586,0.7414,True,mayig_features
P128,parpola_1982,Eight short vertical strokes,W018,M114,V020,2,8,0.0,0.375,0.625,True,mayig_features
P129,parpola_1982,Nine short vertical strokes,W019,M115|M116,V314|V021,2,0,0,0,0,False,mayig_features
P130,parpola_1982,Ten short vertical strokes,W020,M118,V022,2,0,0,0,0,False,mayig_features
P131,parpola_1982,One tiny caret,,M312,V594|V310,0,0,0,0,0,False,mayig_features
P132,parpola_1982,Two tiny stacked carets,,M313,V498|V311,0,0,0,0,0,False,mayig_features
P133,parpola_1982,Three tiny stacked carets,,M314,V473,0,0,0,0,0,False,mayig_features
P134,parpola_1982,Four tiny stacked carets,,,V499,0,0,0,0,0,False,mayig_features
P135,parpola_1982,Many tiny stacked carets,,,V500,1,0,0,0,0,False,mayig_features
P136,parpola_1982,"Seven short vertical strokes, bracketed by parentheses",W048|W049,M111|M113,V529|V397|V717|V796,2,15,0.0,0.0,1.0,True,mayig_features
P137,parpola_1982,"Nine short vertical strokes, capped by 'table' hat",W051,M117,V437,2,0,0,0,0,False,mayig_features
P138,parpola_1982,Caret above a small vertical stroke,,M153,V082|V459,0,0,0,0,0,False,mayig_features
P139,parpola_1982,Two small vertical strokes over one small vertical stroke,W013,M103,V015|V292,0,26,0.0385,0.4615,0.5,True,mayig_features
P140,parpola_1982,Two stacked small vertical strokes,W012,M101,V014,0,0,0,0,0,False,mayig_features
P141,parpola_1982,Three rows of off-center or slanted small vertical strokes,W025|W026|W027|W028|W029,M119|M120,V492|V130|V729,4,0,0,0,0,False,mayig_features
P142,parpola_1982,"Four small vertical strokes above the same, above the same",W055,M121,V024|V280,0,46,0.0,0.2826,0.7174,True,mayig_features
P143,parpola_1982,"Four small vertical strokes above the same, above the same. Bracketed by right parentheses",W057,M122,V493,0,0,0,0,0,False,mayig_features
P144,parpola_1982,One full-height vertical stroke,W031,M086,V008|V501,0,153,0.098,0.3333,0.5686,True,mayig_features
P145,parpola_1982,Two adjacent full-height vertical strokes,W032,M087,V009|V543,0,291,0.0584,0.2371,0.7045,True,mayig_features
P146,parpola_1982,"Two adjacent full-height vertical strokes, surrounded on either side by a vertical bar over another vertical bar",,M088,V756,0,0,0,0,0,False,mayig_features
P147,parpola_1982,Three adjacent full-height vertical strokes,W033,M089,V010|V424,0,223,0.0314,0.2197,0.7489,True,mayig_features
P148,parpola_1982,Three adjacent full-height vertical strokes. Small 'tree' off right side,W045|W046,M090|M091,V331,2,0,0,0,0,False,mayig_features
P149,parpola_1982,Three adjacent full-height vertical strokes. Caret hat,W044,M092,V759,0,0,0,0,0,False,mayig_features
P150,parpola_1982,Four adjacent full-height vertical strokes,W034,M095,V294,0,0,0,0,0,False,mayig_features
P151,parpola_1982,Five adjacent simple tall vertical strokes,W035,M096,V012|V784,0,17,0.1765,0.1176,0.7059,True,mayig_features
P152,parpola_1982,"Three adjacent full-height vertical strokes, third (and maybe second) stroke is angled away slightly",,M093|M094,V250,1,0,0,0,0,False,mayig_features
P153,parpola_1982,"Three adjacent full-height vertical strokes, first stroke is angled away slightly",,,V383,0,0,0,0,0,False,mayig_features
P154,parpola_1982,Right parenthesis (perhaps with a backward curve at the bottom),W900,M287,V153|V265|V289|V511,1,93,0.0108,0.1828,0.8065,True,mayig_features
P155,parpola_1982,"Wavy line caged by short double vertical strokes, possibly with a stroke missing",W926,M289,V514,2,0,0,0,0,False,mayig_features
P156,parpola_1982,"Right parenthesis with small, slightly inward-and-downward horizontal line from middle",W901,M288,V445|V681,1,1,0.0,1.0,0.0,True,mayig_features
P157,parpola_1982,"Right parenthesis with small, diagonal stroke through it",,,V495,1,0,0,0,0,False,mayig_features
P158,parpola_1982,Right parenthesis with small tooth on it facing right,,,V319,1,0,0,0,0,False,mayig_features
P159,parpola_1982,"Right parenthesis with small inward strokes on top, and a tooth outward on top",,,V221|V735,0,0,0,0,0,False,mayig_features
P160,parpola_1982,Right parenthesis with small leaf at middle,W920,M293,V220|V155,0,6,0.0,0.1667,0.8333,True,mayig_features
P161,parpola_1982,"Right parenthesis with small leaf at middle, stroke crossing top part of paren",W922,,V355,0,0,0,0,0,False,mayig_features
P162,parpola_1982,Right parenthesis with small lines away from it at top,W903,M290,V591,1,0,0,0,0,False,mayig_features
P163,parpola_1982,Left parenthesis,W909,M299,V152|V332,0,0,0,0,0,False,mayig_features
P164,parpola_1982,Left parenthesis with small inward pointing tooth near top,W902,M300,V399,0,0,0,0,0,False,mayig_features
P165,parpola_1982,Left parenthesis with small semicircle against the very middle,W921,M301,V216,0,0,0,0,0,False,mayig_features
P166,parpola_1982,"Left parenthesis with small semicircle against the very middle, diagonal line extending past the paren from the bottom of the semicircle",,,V277,1,9,0.2222,0.3333,0.4444,True,mayig_features
P167,parpola_1982,"Left parenthesis with small semicircle against the very middle, diagonal line extending past the paren from the bottom of the semicircle. T-bar diagonally against top of parenthesis",,,V777,0,0,0,0,0,False,mayig_features
P168,parpola_1982,"Left parenthesis with small semicircle against the very middle, diagonal extending from bottom of semicircle, caret over all",,,V778,0,0,0,0,0,False,mayig_features
P169,parpola_1982,"Left parenthesis with small semicircle against the very middle, diagonal extending from bottom of semicircle, caret over all, some damage",,,V565,0,0,0,0,0,False,mayig_features
P170,parpola_1982,"Left parenthesis with small semicircle against the very middle, caret extending from top of semicircle",,,V291,0,7,0.0,0.0,1.0,True,mayig_features
P171,parpola_1982,"Left parenthesis, two perpendiculars coming away both from top and bottom, caged by four small vertical strokes",,M292,V228,0,0,0,0,0,False,mayig_features
P172,parpola_1982,Two slightly nested right parentheses,W904|W927,M294,V242|V226|V347,1,37,0.0541,0.1351,0.8108,True,mayig_features
P173,parpola_1982,"Two slightly nested right parentheses, small tooth facing outward from top of right parenthesis",W905|W928,M295,V455|V365|V682,1,0,0,0,0,False,mayig_features
P174,parpola_1982,Right parenthesis next to left parenthesis,W906,M303,V553|V446,0,11,0.0909,0.1818,0.7273,True,mayig_features
P175,parpola_1982,Right parenthesis drawn in outline,W923,M296,V218|V416,0,44,0.0,0.0682,0.9318,True,mayig_features
P176,parpola_1982,"Right parenthesis drawn in outline, horizontal hatching throughout",W924,M297,V219,0,0,0,0,0,False,mayig_features
P177,parpola_1982,Many slightly nested right parentheses,W908,M298,V243|V719,2,3,0.0,0.0,1.0,True,mayig_features
P178,parpola_1982,"Right facing bow, i.e. a vertical stroke with a right-parenthesis fully attached on the right",W890,M304,V327|V794,0,12,0.0,0.0,1.0,True,mayig_features
P179,parpola_1982,"Right facing bow, i.e. a vertical stroke with a right-parenthesis fully attached on the right. Several small perpendiculars coming off top",W891,M305,V330|V789,1,0,0,0,0,False,mayig_features
P180,parpola_1982,"Leaf, small perpendicular strokes radiating from the top. Surrounded by a capital Gamma",W796,M306,V346,2,2,0.0,1.0,0.0,True,mayig_features
P181,parpola_1982,"Lyre, or a left parenthesis with multiple vertical lines inside",W896,M311,V217,1,1,0.0,0.0,1.0,True,mayig_features
P182,parpola_1982,Bow and arrow,W892,M307,V081|V253,2,2,0.0,0.0,1.0,True,mayig_features
P183,parpola_1982,"Bow and arrow, caged by pairs of small vertical strokes",W895,M308,V757,1,0,0,0,0,False,mayig_features
P184,parpola_1982,"Tall, slightly narrow caret (mountain motif)",W480,M134,V299|V475,1,0,0,0,0,False,mayig_features
P185,parpola_1982,"Tall, slightly narrow caret (mountain motif), with a bit of the right leg removed",W066,M129,V099|V402,1,0,0,0,0,False,mayig_features
P186,parpola_1982,"A with right leg only partially formed, possibly with pitchfork foot on right",W465|W467|W468|W469|W470|W471|W472|W473|W474|W475,M178,V100|V708|V782|V790,5,4,0.0,0.25,0.75,True,mayig_features
P187,parpola_1982,"A with right leg only partially formed, caged by pairs of small vertical strokes",W466,M179,V552,0,0,0,0,0,False,mayig_features
P188,parpola_1982,"Vertical line with diagonal going down from top right, diagonal going up from bottom left",W435|W436,M130,V101|V306,2,48,0.0833,0.0208,0.8958,True,mayig_features
P189,parpola_1982,Caret with diagonal continuing upwards and left from the bottom left. Under a 'table' motif,W454,M131,V303,0,0,0,0,0,False,mayig_features
P190,parpola_1982,A 'W' symbol,W452,,V403,1,0,0,0,0,False,mayig_features
P191,parpola_1982,A 'W' symbol with an extra stroke going down and left from the left tip ('wave' motif),W450,M132,V107,1,0,0,0,0,False,mayig_features
P192,parpola_1982,Two vertically stacked 'wave' motifs (see P191),W451,M133,V516,1,0,0,0,0,False,mayig_features
P193,parpola_1982,"Person sitting with bent knees, no small tangent lines coming off the back",W175,M047,V185|V676,2,16,0.0,0.4375,0.5625,True,mayig_features
P194,parpola_1982,"Person sitting with bent knees, four small tangent lines coming off the back",W176|W177|W178|W179,M048,V186|V434,3,154,0.0,0.3896,0.6104,True,mayig_features
P195,parpola_1982,"Tall caret drawn in outline, with hatching throughout",W484,M136,V329|V300,0,11,0.0,0.3636,0.6364,True,mayig_features
P196,parpola_1982,Upside-down heart symbol,W380,M323,V302,0,0,0,0,0,False,mayig_features
P197,parpola_1982,"Tall caret drawn in outline, with diamond inscribed at the point",W482,M135,V109|V308,0,1,0.0,0.0,1.0,True,mayig_features
P198,parpola_1982,"Tall lambda drawn in outline, with V or diamond inscribed at the connector",W483,M259,V131,1,0,0,0,0,False,mayig_features
P199,parpola_1982,"Two or three tall vertical strokes, with a small box off the right center of the second stroke",W058,,V384,1,0,0,0,0,False,mayig_features
P200,parpola_1982,"Tall box with horizontal hatching throughout, possibly a small handle off right hand side",W604|W605,M258,V054|V701,2,0,0,0,0,False,mayig_features
P201,parpola_1982,Vertical stroke with a small slightly downward horizontal stroke at the left middle,W065,,V052|V108,1,16,0.0625,0.0,0.9375,True,mayig_features
P202,parpola_1982,Vertical stroke with a triangular wing attached near the middle,W365|W367|W368,M402,V053|V582,2,87,0.3333,0.046,0.6207,True,mayig_features
P203,parpola_1982,Upside down 'Y' motif,,M126,V090|V698,0,0,0,0,0,False,mayig_features
P204,parpola_1982,"Simple lambda but reversed horizontally, and the leg may not be quite connected to the long stem",W061|W062|W063,M124|M125,V156|V119,2,77,0.0,0.2857,0.7143,True,mayig_features
P205,parpola_1982,"Prismed light rays, with opposite slanting on top vs bottom, more rays on bottom",W289|W290|W291|W292|W293|W294|W295|W296|W297|W299|W300|W301|W302|W303|W304|W305|W306,M180,V129|V233,5,32,0.0312,0.0625,0.9062,True,mayig_features
P206,parpola_1982,"Prismed lines like P205, but with a decoration on top. Possibly with an up and down caret attached at top right",W307|W308|W309,M181,V457|V078,2,1,0.0,0.0,1.0,True,mayig_features
P207,parpola_1982,"Tall triangle with no decoration, either isocolese or more horn-shaped",W490,,V349,2,5,0.0,0.6,0.4,True,mayig_features
P208,parpola_1982,"Tall triangle with vertical divider, either isocolese or more horn-shaped",W500,M209,V102|V703,1,17,0.0,0.0588,0.9412,True,mayig_features
P209,parpola_1982,"Tall triangle with vertical divider, horizontal hatching throughout, either isocolese or more horn-shaped",W502,M210,V103|V245,2,0,0,0,0,False,mayig_features
P210,parpola_1982,Tall isoceles triangle with horizontal stripes,W503,M204,V104|V223|V389|V732,1,71,0.0141,0.7042,0.2817,True,mayig_features
P211,parpola_1982,"Horizontally striped isocolese triange, with serifed T on top",W504,M206,V271|V260,1,10,0.4,0.0,0.6,True,mayig_features
P212,parpola_1982,"Horizontally striped isocolese triange, with serifed T on top, caged by four small vertical strokes",,M207,V048,1,0,0,0,0,False,mayig_features
P213,parpola_1982,"Horizontally striped isocolese triange, with serifed T on top, capped by a 'table' motif",W505,M208,V324,1,0,0,0,0,False,mayig_features
P214,parpola_1982,Two adjacent carets,,,V380|V775,0,0,0,0,0,False,mayig_features
P215,parpola_1982,"Three tall, thin isoceles triangles",W460,M230,V105|V312,2,46,0.0217,0.0435,0.9348,True,mayig_features
P216,parpola_1982,"Three short isoceles triangles, above three short isocoles triangles but pointed downward",W461,M231,V580,0,0,0,0,0,False,mayig_features
P217,parpola_1982,Isocolese triangle on top of vertical line (arrow? spear?),W520,M211,V095|V549,1,251,0.8446,0.012,0.1434,True,mayig_features
P218,parpola_1982,"Five pointed star, with lines completely connecting point to point",,,V679,0,0,0,0,0,False,mayig_features
P219,parpola_1982,"A 'K' with a vertical line connecting the bottom point, and the top right arm is a rectangle",,,V755,0,0,0,0,0,False,mayig_features
P221,parpola_1982,"Three triangles, one large isocoles pointing right on left, two small on right, all linked at the point of the left triangle",W455,M233,V040|V504,1,33,0.0606,0.2121,0.7273,True,mayig_features
P222,parpola_1982,"Three triangles, one large isocoles pointing right on left, two small on right, all linked at the point of the left triangle. Capped by a 'table' motif",W456,M234,V046|V422,1,0,0,0,0,False,mayig_features
P223,parpola_1982,"Three triangles, one large isocoles pointing right on left, two small on right, all linked at the point of the left triangle, with a small tree growing from the lower right",W457,M235,V343,2,1,0.0,1.0,0.0,True,mayig_features
P224,parpola_1982,"A 'Bowtie' motif. Or, an 'X' with vertical line connecting the left points, and same on right",W540,M214,V234|V235,0,0,0,0,0,False,mayig_features
P225,parpola_1982,"A 'Bowtie' motif. Or, an 'X' with vertical line connecting the left points, and same on right. Small vertical stroke in left side",W542,,V035,0,0,0,0,0,False,mayig_features
P226,parpola_1982,"Bowtie with another left-pointing triangle attached on the right, hatching throughout",W545,M215,V036,0,12,0.0,1.0,0.0,True,mayig_features
P227,parpola_1982,"A 'Bowtie' motif, but without the vertical line connecting the right points",W530,M225,V229|V298,0,0,0,0,0,False,mayig_features
P228,parpola_1982,"X with left points connected by vertical line, with another such X underneath, and a vertical bar connecting the cross-point of the two X's",W531|W533,M228|M309,V037,2,6,0.0,0.3333,0.6667,True,mayig_features
P229,parpola_1982,"A 'Bowtie' motif, but without the vertical line connecting the right points. Small 'v' coming off top right point",W554,M226,V032,0,0,0,0,0,False,mayig_features
P230,parpola_1982,"The 'pincer' motif. Right-pointing isocoles triangle on left, left-pointing isosceles triangle on right, with small part of right line removed in middle",W550|W555,M216,V241|V033|V412|V593,4,119,0.0336,0.3277,0.6387,True,mayig_features
P231,parpola_1982,"The 'pincer' motif, with vertical stroke through the middle point",W556,M221,V240,1,8,0.125,0.875,0.0,True,mayig_features
P232,parpola_1982,"Right-pointing isocoles triangle on left, left-pointing isosceles triangle on right, with small part of right line removed in middle. Two leaves coming out of the connecting point.",W560|W561,M219,V038|V583,1,3,0.0,0.6667,0.3333,True,mayig_features
P233,parpola_1982,"The 'pincer' motif, with two vertically stacked leaves intersecting at the middle point. Caged by four small vertical strokes",W562,M220,V564,1,0,0,0,0,False,mayig_features
P234,parpola_1982,"Left-pointing isocoles triangle on right, right-pointing isosceles triangle on left, with small part of left line removed in middle.",W551,M216,V350|V793,0,3,0.0,0.3333,0.6667,True,mayig_features
P235,parpola_1982,The 'pincer' motif with 'rake' coming from lower left. Rake is a long stroke with multiple short perpendiculars coming off one side. Pincer is missing at least one of the pincer teeth,W532,M227,V117,1,0,0,0,0,False,mayig_features
P236,parpola_1982,The 'pincer' motif with 'rake' coming from lower left. Rake is a long stroke with multiple short perpendiculars coming off one side.,,,V378,0,0,0,0,0,False,mayig_features
P237,parpola_1982,"X with vertical connection on left two tips, right tips both have a slight vertical line toward each other, and three lines off the tip away from each other",W564,M223,V034,0,1,0.0,0.0,1.0,True,mayig_features
P238,parpola_1982,"X with vertical connection on left two tips, right tips both have a slight vertical line toward each other, and three lines off the tip away from each other. Line with three downward lines coming off left",W565,M224,V249|V198,0,14,0.7143,0.0714,0.2143,True,mayig_features
P239,parpola_1982,An 'X' where each arm is decorated with wheat sheaves,,,V688|V689,1,0,0,0,0,False,mayig_features
P240,parpola_1982,An 'X' with no decoration,W645,M137,V122|V728,0,0,0,0,0,False,mayig_features
P241,parpola_1982,"An 'X' with no decoration, inside a cage of four small vertical strokes",,,V488,0,0,0,0,0,False,mayig_features
P242,parpola_1982,An 'X' with two vertical strokes inside each angle of the X,W680,M140,V124,0,0,0,0,0,False,mayig_features
P243,parpola_1982,An 'X' with a 'table' hat,W679,M139,V047,0,0,0,0,0,False,mayig_features
P244,parpola_1982,An 'X' with a 'caret' hat,W678,M138,V282,0,0,0,0,0,False,mayig_features
P245,parpola_1982,"An 'X' with vertical lines connected to each arm, forming two 'fat arrows' pointed toward each other",W685,M141,V313|V393,0,0,0,0,0,False,mayig_features
P246,parpola_1982,"X with two vertical strokes through it, caged by 4 short pairs of vertical lines",W689,M143,V562,0,1,0.0,1.0,0.0,True,mayig_features
P247,parpola_1982,"X with two vertical strokes through it, caged by inverted parentheses",W688,M144,V560,0,1,0.0,1.0,0.0,True,mayig_features
P248,parpola_1982,"An 'X' with vertical lines connected to each arm, forming two 'fat arrows' pointed toward each other. All under a 'table' hat",,M142,V432|V791,0,0,0,0,0,False,mayig_features
P249,parpola_1982,"An 'X' with vertical lines connected to each arm, forming two 'fat arrows' pointed toward each other. Pitchfork head going across the center",W686,M145,V672,0,0,0,0,0,False,mayig_features
P250,parpola_1982,A vertical stroke with a smallish X centered on the top,W080,M158,V335,0,0,0,0,0,False,mayig_features
P251,parpola_1982,"An X on top of a vertical stroke, with a decorated triangle hanging off the upper right",W081,M160,V287|V803,1,5,0.0,0.0,1.0,True,mayig_features
P252,parpola_1982,A full-height vertical stroke with a smallish X near the top,,,V575,0,0,0,0,0,False,mayig_features
P253,parpola_1982,"An X near the top of a vertical stroke, with a caret hat",W083,M159,V085,0,2,0.0,1.0,0.0,True,mayig_features
P254,parpola_1982,Two or more crossed lines (line an X or *) with small perpendicular decorations (ovals? lines) at each tip,W683|W684,M146|M147,V125|V736,2,2,0.0,1.0,0.0,True,mayig_features
P255,parpola_1982,"Two nested greater-than symbols, touching two nested less-than symbols",W690,M149,V232|V712,0,1,0.0,1.0,0.0,True,mayig_features
P256,parpola_1982,An X but drawn in outline,W692,M150,V123|V507,1,64,0.0,0.8125,0.1875,True,mayig_features
P257,parpola_1982,An X but drawn in outline. Three small adjacent triangles affixed diagonally to the top right arm,W694,M151,V372,0,0,0,0,0,False,mayig_features
P258,parpola_1982,"An X but drawn in outline, with tree stemming from bottom right corner",W693,M152,V574,2,2,0.0,1.0,0.0,True,mayig_features
P259,parpola_1982,"A central box, with orthogonal lines coming off in a pinwheel manner",W528,,V453,1,0,0,0,0,False,mayig_features
P260,parpola_1982,"An octothorpe, possibly rotated 45 degrees (see similarity with P359)",,M264,V742|V478,1,1,0.0,0.0,1.0,True,mayig_features
P261,parpola_1982,"Box with inward facing triangles on each corner, filled with small U's and X's",,,V441,0,0,0,0,0,False,mayig_features
P262,parpola_1982,Tall rectangle with no decoration,W600|W625,M237,V059,0,0,0,0,0,False,mayig_features
P263,parpola_1982,"Tall rectangle with no decoration, connected to a tall vertical stroke on the left by a short diagonal line",,,V721,0,0,0,0,0,False,mayig_features
P264,parpola_1982,Tall rectangle with two horizontal hatches going across the center,W603,M238,V060|V545,0,0,0,0,0,False,mayig_features
P265,parpola_1982,"Tall rectangle with vertical full height bar inside, and a horizontal bar across the left or right area",W621|W622,M242,V061|V687,1,21,0.7143,0.2381,0.0476,True,mayig_features
P266,parpola_1982,"Tall rectangle with vertical full height bar inside, and a horizontal bar across the left or right area. Small U in the other area",W623,M243,V345,1,0,0,0,0,False,mayig_features
P267,parpola_1982,"Tall rectangle a box affixed to the left interior, the box has a horizontal crossbar",W602,M239,V064,0,0,0,0,0,False,mayig_features
P268,parpola_1982,A grid of x by y cells,W615,M241|M245,V069|V062|V092|V554|V696,2,84,0.5119,0.2143,0.2738,True,mayig_features
P269,parpola_1982,"A grid of x by y cells, with a tall vertical stroke on one side, both connected by a short diagonal line",W616,M246,V758,3,0,0,0,0,False,mayig_features
P270,parpola_1982,"Rectangle, taller than wide, with vertical strokes for teeth inside on top and bottom",W630|W631|W632|W633|W634|W635|W636|W637|W638|W639,M244,V066|V065|V067|V068|V396|V400|V693,2,45,0.0,0.4444,0.5556,True,mayig_features
P271,parpola_1982,"Rectangle, taller than wide, with vertical strokes for teeth inside on top and bottom. Two right parentheses inside everything",W640,,V405,1,0,0,0,0,False,mayig_features
P272,parpola_1982,Trapezoid with inner rectangle,W362,M201,V318|V290,1,2,0.0,0.0,1.0,True,mayig_features
P273,parpola_1982,"Wide rectangle, with an X from corner to corner",,,V731|V792,0,0,0,0,0,False,mayig_features
P274,parpola_1982,"Tall central rectangle, flanked by two small boxes on the bottom",W610,M257,V029,1,0,0,0,0,False,mayig_features
P275,parpola_1982,"Square in middle, possibly with horizontal lines across, and lines coming from top and bottom",W510|W511|W512|W513,M253,V072|V073|V074|V317|V783,3,8,0.25,0.25,0.5,True,mayig_features
P276,parpola_1982,Square at bottom with vertical bar coming off top middle,W590,M249,V027|V491,0,158,0.0506,0.2089,0.7405,True,mayig_features
P277,parpola_1982,Square at bottom with vertical bar coming off top middle. Caged by four small vertical strokes,W592,M250,V536,0,0,0,0,0,False,mayig_features
P278,parpola_1982,Square at bottom with vertical bar coming off top middle. Interior is the 'pincer' motif with two leaves at the middle,W593,M251,V572,0,0,0,0,0,False,mayig_features
P279,parpola_1982,"Square at bottom with vertical bar coming off top middle, and two diagonals also coming from the bottom of the vertical bar",,,V451,0,0,0,0,0,False,mayig_features
P280,parpola_1982,"Box with vertical stroke off top center, horizontal striping",W595,M252,V028|V256,1,29,0.2759,0.1034,0.6207,True,mayig_features
P281,parpola_1982,Vertical line with two small boxes attached to the top,W611,M256,V358,0,5,0.0,0.0,1.0,True,mayig_features
P282,parpola_1982,"Box on top left, vertical extender from bottom left, horizontal extenders all along the right side",W950,M170,V259,0,0,0,0,0,False,mayig_features
P283,parpola_1982,"Rectangle, but with bottom line missing, and bottom-half of left line missing (like backward greek capital gamma with a prominent serif)",W440,M127,V031|V502,0,37,0.027,0.2703,0.7027,True,mayig_features
P284,parpola_1982,"Backward capital Gamma with serif, small vertical stroke inside the area",W443,M128,V477|V171,1,0,0,0,0,False,mayig_features
P285,parpola_1982,"Trapezoid with no bottom line, bird-foot in bottom",W572,M195,V049,0,5,0.0,0.2,0.8,True,mayig_features
P286,parpola_1982,"Trapezoid with no bottom line, bird-foot in bottom, 'table' hat",W573,M196,V589,1,0,0,0,0,False,mayig_features
P287,parpola_1982,"Trapezoid with no bottom line, bird-foot in bottom. Two small vertical strokes on top",,,V711,0,0,0,0,0,False,mayig_features
P288,parpola_1982,"Trapezoid with no bottom line, two short outward perpendiculars off bottom left and right and from top center, bird-foot in bottom",,M194,V050|V683,0,36,0.0278,0.0,0.9722,True,mayig_features
P289,parpola_1982,"Trapezoid with no bottom line, small box resting on the top middle",W575,M197,V030|V261,1,54,0.0185,0.3148,0.6667,True,mayig_features
P290,parpola_1982,"Tall table. Underside has a horizontal line enclosing the top part of the underside, with vertical hatches inside. Small box on top of the table.",W578|W579,M198,V436,2,3,0.0,1.0,0.0,True,mayig_features
P291,parpola_1982,"Tall table. Underside has a horizontal line enclosing the top part of the underside, with vertical hatches inside. Small box on top of the table. Left paren attached to left side, paren has small semicircle at center. Semicircle has diagonal continuing through the paren.",,,V576,0,0,0,0,0,False,mayig_features
P292,parpola_1982,Tall table. Small decoration on top,W570|W571,M199|M200,V371|V773,1,0,0,0,0,False,mayig_features
P293,parpola_1982,"Large 'H', possibly with top points connected by horizontal bar",W315|W360,M199,V057|V055|V447,1,8,0.125,0.625,0.25,True,mayig_features
P294,parpola_1982,"Large 'H', possibly with top points connected by horizontal bar. Table for a hat.",W361,M203,V334,1,3,0.0,1.0,0.0,True,mayig_features
P295,parpola_1982,"Large 'H', possibly with top points connected by horizontal bar. Vertical lines come down from the crossbar.",W318,M188,V279,2,0,0,0,0,False,mayig_features
P296,parpola_1982,"Two long vertical strokes, connected by multiple horizontal lines",W317,M186,V056|V686,1,8,0.375,0.625,0.0,True,mayig_features
P297,parpola_1982,"Ladder motif. Two nearby vertical lines with a number of horizontal lines going across the middle, going the length of the verticals.",,,V725,1,0,0,0,0,False,mayig_features
P298,parpola_1982,"An 'H', but the crossbar is multiple small boxes. Possibly with an upward tail coming from the bottom left",W319,,V379|V704,1,0,0,0,0,False,mayig_features
P299,parpola_1982,"Two 'H's, but the crossbars are multiple small boxes. H's share one of the vertical lines.",,M185,V444,1,0,0,0,0,False,mayig_features
P300,parpola_1982,"Two narrow vertical lines, three diagonals connecting them. Tail coming horizontally off top, right edge has a thin triangle sharing part of the edge",,M187,V270|V333,0,1,0.0,0.0,1.0,True,mayig_features
P301,parpola_1982,"Small box with horizontal hatching, vertical lines coming from top left and bottom right corners",W526|W527,M254,V041|V479,2,65,0.8923,0.0308,0.0769,True,mayig_features
P302,parpola_1982,"Box in center. Vertical lines coming from top left and right. Vertical coming from bottom right, extended by a horizontal at the bottom.",W363,M255,V567,0,0,0,0,0,False,mayig_features
P303,parpola_1982,"H with two horizontal bars across the middle, with vertical lines dropping down from the crossbar",W322|W323|W324|W325,M182,V275|V519,3,17,0.0,0.2353,0.7647,True,mayig_features
P304,parpola_1982,"H with two horizontal bars across the middle, with vertical lines dropping down from the crossbar. All connected by a short diagonal to a tall vertical stroke on left",W321,M183,V079|V800,3,0,0,0,0,False,mayig_features
P305,parpola_1982,"Long horizontal at bottom, multiple vertical lines coming off for the entire length",W420,M189,V058|V716,1,0,0,0,0,False,mayig_features
P306,parpola_1982,"Long horizontal at bottom, multiple vertical lines coming off for the entire length. Each vertical decorated near top, low horizontal is made of abutting small rectangles, possibly decorated",W421|W422|W423|W425|W426|W427|W428|W429|W430,M190,V080|V474,2,0,0,0,0,False,mayig_features
P307,parpola_1982,"Box with open top, diagonal line coming off top right and outward. Bottom has a small rect with vertical lines",W329,M191,V362,1,2,0.0,1.0,0.0,True,mayig_features
P308,parpola_1982,"M with the bottom of the legs connected by a horizontal line, and vertical lines connected at midpoint by horizontal line",W335,M192,V075,1,0,0,0,0,False,mayig_features
P309,parpola_1982,"M with the bottom of the legs connected by horizontal lines, and vertical line decoration",W336|W337|W338,M193,V076,4,22,0.0,0.0455,0.9545,True,mayig_features
P310,parpola_1982,Simple U with no other decoration,W700,M328,V246|V548,2,76,0.6974,0.1053,0.1974,True,mayig_features
P311,parpola_1982,U with two small vertical strokes inside the top,W701,M329,V201|V720,2,1,0.0,0.0,1.0,True,mayig_features
P312,parpola_1982,U with three small vertical strokes inside the top,W703,M330,V202|V707,2,0,0,0,0,False,mayig_features
P313,parpola_1982,U with several small strokes off the bottom,W732|W734,M332,V359|V267,2,2,0.0,0.0,1.0,True,mayig_features
P314,parpola_1982,"U with several small strokes off the bottom, caret hat",W731,M334,V088|V779,2,0,0,0,0,False,mayig_features
P315,parpola_1982,Large 'V' with a tall vertical coming from the vertex (making a large bird foot),,M365,V710,0,0,0,0,0,False,mayig_features
P316,parpola_1982,U with a long vertical stroke inserted into the gap of U,W704|W705|W706|W707,M336,V197|V398|V532,4,212,0.0377,0.2736,0.6887,True,mayig_features
P317,parpola_1982,"U with several small strokes off the bottom, vertical line with possible decoration at bottom inserted into the U",W735|W736,M335,V407|V322,3,0,0,0,0,False,mayig_features
P318,parpola_1982,U with upward-bowed line or wagon wheel near the bottom,W712,,V283,1,0,0,0,0,False,mayig_features
P319,parpola_1982,U with X going from side to side near the bottom,W711,,V714|V746,0,0,0,0,0,False,mayig_features
P320,parpola_1982,"A cat's paw perhaps, two vertical strokes on each side, and four fingers, with fingers on one side a little shorter than the other",W716|W717,M341,V203|V484,1,37,0.0541,0.3784,0.5676,True,mayig_features
P321,parpola_1982,"Tall vertical on left, half vertical on top right, the right vertical then continues in a curve to connect to the bottom of the left vertical. Top is closed by a horizontal. Three vertical lines off top horizontal. Capped by 'table'.",W719,M339,V751,3,0,0,0,0,False,mayig_features
P322,parpola_1982,"Tall vertical on left, half vertical on top right, the right vertical then continues in a curve to connect to the bottom of the left vertical. Top is closed by a horizontal. Top is a sequence of small boxes",W721,M338,V337|V705,2,0,0,0,0,False,mayig_features
P323,parpola_1982,U with 'tree' motif sprouting from the bottom,W708|W709|W710,,V128|V776,2,0,0,0,0,False,mayig_features
P324,parpola_1982,Classic jar symbol with two horizontal handles at the top of each arm pointed outward,W740,M342,V204|V526,5,1366,0.6896,0.0037,0.3067,True,mayig_features
P325,parpola_1982,"Classic jar symbol with two horizontal handles at the top of each arm pointed outward, single small vertical stroke inside mouth of jar",W741,M343,V205|V209,5,169,0.0118,0.0888,0.8994,True,mayig_features
P326,parpola_1982,"Classic jar symbol with two horizontal handles at the top of each arm pointed outward, two small vertical strokes inside mouth of jar",W742|W743|W744,M344,V206|V413,6,31,0.0645,0.0968,0.8387,True,mayig_features
P327,parpola_1982,"Classic jar symbol with two horizontal handles at the top of each arm pointed outward, three small vertical strokes in mouth",W745|W746|W747,M345,V208|V207|V414|V706,6,18,0.0,0.3333,0.6667,True,mayig_features
P328,parpola_1982,"Classic jar symbol with two horizontal handles at the top of each arm pointed outward, four small vertical strokes in mouth",W748,,V749,6,0,0,0,0,False,mayig_features
P329,parpola_1982,"Classic jar symbol with two horizontal handles at the top of each arm pointed outward, three small vertical strokes in mouth. Three small strokes at bottom. Overlaid by a decorated caret",W749,M346,V494|V774,7,0,0,0,0,False,mayig_features
P330,parpola_1982,"Classic jar symbol with two horizontal handles at the top of each arm pointed outward. Inside has a wagon wheel at bottom, attached to a double headed pitchfork at top",W751,,V367,6,0,0,0,0,False,mayig_features
P331,parpola_1982,"U with jar handles on left, trifurcated tree on right",W750,M352,V386,0,0,0,0,0,False,mayig_features
P332,parpola_1982,U with decorated branching at top,W752|W760,M347|M358,V248|V210|V211|V276|V395|V428|V480,4,142,0.007,0.0211,0.9718,True,mayig_features
P333,parpola_1982,"U with trifurcated trees for handles, very low X connecting the U legs near the bottom",W761,M357,V364,0,0,0,0,0,False,mayig_features
P334,parpola_1982,"U with trifurcated trees for handles, very low caret in outline with small diamond in the tip",,M356,V752,0,0,0,0,0,False,mayig_features
P335,parpola_1982,"U with trifurcations at the tips, with full height vertical stroke on left, connected together with horizontal stroke",W765,M349,V448,1,2,0.0,0.0,1.0,True,mayig_features
P336,parpola_1982,"U with trifurcated trees for handles, small check-mark on right side",W764,M350,V361,0,0,0,0,0,False,mayig_features
P337,parpola_1982,"U with trifurcated trees for handles, wagon wheel circumscribed fully within",W753,M355,V213|V281,1,0,0,0,0,False,mayig_features
P338,parpola_1982,"Upside down U, with five small vertical strokes within",W931,M317,V401,0,0,0,0,0,False,mayig_features
P339,parpola_1982,"Upside down U, with a wagon wheel above two small vertical strokes within",W930,M393,V121,1,0,0,0,0,False,mayig_features
P340,parpola_1982,"Upside down U, with a small 'H' within",,M316,V083,0,0,0,0,0,False,mayig_features
P341,parpola_1982,"Four rounded lines going upward, curving into each other at top, with a caret hat above all, and two diagonal strokes across the four lines",W932,M318,V089,1,2,1.0,0.0,0.0,True,mayig_features
P342,parpola_1982,"A left and right paren connected only at the top, with the left paren swooping upward into the center from the bottom",W165,M319,V165|V726,0,21,0.2381,0.2857,0.4762,True,mayig_features
P343,parpola_1982,"A left and right paren connected only at the top, with the left paren swooping upward into the center from the bottom. Small diagonal coming off top-right",W166,M320,V471,0,0,0,0,0,False,mayig_features
P344,parpola_1982,The 'headphones' motif. Upside down U with small cirles on each end,W167,M321,V239,1,0,0,0,0,False,mayig_features
P345,parpola_1982,The 'headphones' motif. Upside down U with small cirles on each end. Tall 'Y' inscribed and attached inside,W168,M322,V286,1,0,0,0,0,False,mayig_features
P346,parpola_1982,Capital 'T' with a small leaf oriented vertically attached to both sides of the top bar,W171,M409,V192|V785,0,20,0.0,0.65,0.35,True,mayig_features
P347,parpola_1982,"Two leaves horizontally adjacent, with a small horizontal line connecting them",W169,M408,V581,0,0,0,0,0,False,mayig_features
P348,parpola_1982,"Two leaves horizontally adjacent, with a small horizontal line connecting them. Caged by two inward sloping vertical lines",W170,M409,V737,0,0,0,0,0,False,mayig_features
P349,parpola_1982,"Two vertical leaves, slightly overlapping",W840,M403,V169|V533,0,91,0.022,0.2088,0.7692,True,mayig_features
P350,parpola_1982,"Two overlapping leaves, bracketed by two small stacked vertical lines on each side",,M404,V506,1,1,0.0,0.0,1.0,True,mayig_features
P351,parpola_1982,"Two vertical leaves, slightly overlapping. Small tree motif coming from right hand side",W841,M405,V496,1,0,0,0,0,False,mayig_features
P352,parpola_1982,"Two overlapping leaves with diagonal hatches across the three midsections, possibly with a cage of small vertical strokes",W845,M407,V170|V309,2,2,0.0,0.0,1.0,True,mayig_features
P353,parpola_1982,"Three stacked leaves, possibly with vertical stroke through the center",W215|W216,M415|M417,V196|V296|V694,1,9,0.4444,0.3333,0.2222,True,mayig_features
P354,parpola_1982,Three stacked leaves. Caged by two tall vertical strokes,W217,M416,V709,0,0,0,0,0,False,mayig_features
P355,parpola_1982,"Simple leaf or diamond, possibly rotated 45 degrees",W790|W850,M261|M373|M374,V381|V098|V111|V157|V387|V415|V684,2,63,0.1746,0.3016,0.5238,True,mayig_features
P356,parpola_1982,"Simple leaf or diamond, possibly rotated 45 degrees. Small tree of right hand side",W860,M262,V175,1,0,0,0,0,False,mayig_features
P357,parpola_1982,"Simple leaf, two small inverted carets off right, diagonal with orthogonal upware strokes on left",,,V734,0,0,0,0,0,False,mayig_features
P358,parpola_1982,Leaf with small strokes coming out diagonally on all four diagonals,,,V176,0,11,0.0,0.1818,0.8182,True,mayig_features
P359,parpola_1982,Diamond with two perpendiculars coming off each edge (see similarity with P260),W853,M264,V115,0,12,0.0,0.9167,0.0833,True,mayig_features
P360,parpola_1982,"Leaf on vertical line, with sun rays coming out from the top",W373,M399,V377,2,3,0.0,0.6667,0.3333,True,mayig_features
P361,parpola_1982,Diamond with diagonal line crossing lower right edge,W851,M263,V118,0,0,0,0,0,False,mayig_features
P362,parpola_1982,Diamond with small flag coming from bottom,W859,,V525,0,0,0,0,0,False,mayig_features
P363,parpola_1982,Diamond with two horizontally adjacent boxes on a short vertical stick inside near bottom,W858,M266,V112,0,0,0,0,0,False,mayig_features
P364,parpola_1982,Leaf with tree at bottom,W803|W805|W806,M387,V161|V537,2,222,0.0045,0.4099,0.5856,True,mayig_features
P365,parpola_1982,"Leaf with tree at bottom, caged by four small vertical strokes",W804|W807,M388|M390,V540|V255,2,0,0,0,0,False,mayig_features
P366,parpola_1982,Leaf with small vertical stroke inside,W832,M375,V158|V431,0,1,1.0,0.0,0.0,True,mayig_features
P367,parpola_1982,"Leaf with small vertical stroke inside, small tooth coming off top right",W834,M376,V200|V727,0,0,0,0,0,False,mayig_features
P368,parpola_1982,Leaf with small dot inside,W808|W809|W810,,V159|V691,1,2,0.0,0.5,0.5,True,mayig_features
P369,parpola_1982,Leaf with small square hatched decoration inside,W812|W813|W814,M381,V160|V700,1,13,0.0769,0.0,0.9231,True,mayig_features
P370,parpola_1982,"Leaf with small square hatched decoration inside, small tooth off top right",,,V671,1,0,0,0,0,False,mayig_features
P371,parpola_1982,"Leaf with small square hatched decoration inside, pitchfork head inside",W815|W816,M383,V251,3,0,0,0,0,False,mayig_features
P372,parpola_1982,Leaf with diagonal-stroke central decoration,W831|W833,M379,V116|V257,1,1,0.0,0.0,1.0,True,mayig_features
P373,parpola_1982,"Leaf with tooth off top-right, and tooth off bottom-left",,,V804,0,0,0,0,0,False,mayig_features
P374,parpola_1982,Leaf with stretched diamond overlapping from top right to top bottom,,,V805,0,0,0,0,0,False,mayig_features
P375,parpola_1982,Leaf. Diamond in center with vertical strokes out each edge to edge of leaf. Vertical lines similarly from top and bottom vertices,W823,M384,V301,0,0,0,0,0,False,mayig_features
P376,parpola_1982,Leaf with diagonal overlapping cross hatching throughout,W825,M380,V297,0,0,0,0,0,False,mayig_features
P377,parpola_1982,Circle with plus sign fully inscribed,W818,,V587,0,0,0,0,0,False,mayig_features
P378,parpola_1982,Wheel with 6 spokes with even angles,W820,M391,V163|V254,1,174,0.0805,0.7529,0.1667,True,mayig_features
P379,parpola_1982,"Wheel with 6 spokes with even angles, two tall vertical strokes on left, all caged by four small vertical strokes",,M392,V569|V338,0,1,1.0,0.0,0.0,True,mayig_features
P380,parpola_1982,"2x2 grid, each cell has a small vertical stroke",W626,M247,V063|V284,0,0,0,0,0,False,mayig_features
P381,parpola_1982,"Diamond with gridding, each grid cell has a small stroke in it",W879,,V113,0,4,0.0,0.0,1.0,True,mayig_features
P382,parpola_1982,Diamond with four small diamonds at each vertex,W877,M284,V164|V556,0,15,0.0,0.4,0.6,True,mayig_features
P383,parpola_1982,"Diamond with four small diamonds at each vertex, caged by four small vertical strokes",W878,M285,V584|V788,0,0,0,0,0,False,mayig_features
P384,parpola_1982,"Diamond with four small diamonds at each vertex, and a wagon wheel in the center",W880,M286,V114|V797,0,10,0.1,0.6,0.3,True,mayig_features
P385,parpola_1982,Diamond or leaf shape with a small diamond attached to the top,W817|W861,M267,V162|V420|V421|V510,1,349,0.0372,0.7851,0.1777,True,mayig_features
P386,parpola_1982,"Diamond or leaf shape directly above another, with small diamonds inside each at the center",W202,M268,V352,1,5,0.0,0.0,1.0,True,mayig_features
P387,parpola_1982,"Diamond with a small diamond attached to the top, two orthogonal strokes going through bottom left edge",,M276,V433,0,0,0,0,0,False,mayig_features
P388,parpola_1982,"Diamond with a small diamond attached to the top, lower left edge has a doubling parallel line inside the diamond",W868,M275,V430|V802,0,0,0,0,0,False,mayig_features
P389,parpola_1982,Diamond with several lines coming from top outward in a sunburst,W865,M272,V363|V227,1,0,0,0,0,False,mayig_features
P390,parpola_1982,"Diamond with small diamond at top (and maybe even smaller diamond on right), small diamond at top has decoration off the bottom",W869|W871,M277|M279|M280|M282|M283,V418,2,3,0.6667,0.0,0.3333,True,mayig_features
P391,parpola_1982,"Diamond with small diamond at top (and maybe even smaller diamond on right), small diamond at top has decoration off the bottom, all caged by four small vertical strokes",W870,M278,V487,2,0,0,0,0,False,mayig_features
P392,parpola_1982,"Diamond with small diamond in top vertex, bird foot or tree coming off top left edge",W863,M270,V677,1,0,0,0,0,False,mayig_features
P393,parpola_1982,"Diamond with small diamond in top vertex, multiple trees off top right edge",W864,M271,V351,1,2,0.0,1.0,0.0,True,mayig_features
P394,parpola_1982,"Diamond with small diamond in top vertex, jar handles or trees coming from top vertex, one on each side",,M274,V468|V409,1,0,0,0,0,False,mayig_features
P395,parpola_1982,"Diamond with small diamond in top vertex, rakes coming from top vertex, one on each side",,M273,V406,1,0,0,0,0,False,mayig_features
P396,parpola_1982,"Square with small square inside top left vertex, 9 slanted vertical strokes in a 3x3 pattern inside",W628,M236,V753,1,0,0,0,0,False,mayig_features
Yunmapped_0000,yajnadevam_glyphid,,,,,0,145,0.1241,0.2483,0.6276,True,corpus_only
Yunmapped_0920,yajnadevam_glyphid,,,,,0,114,0.0263,0.5877,0.386,True,corpus_only
Yunmapped_0798,yajnadevam_glyphid,,,,,0,99,0.0101,0.2525,0.7374,True,corpus_only
Yunmapped_0690,yajnadevam_glyphid,,,,,0,69,0.058,0.1159,0.8261,True,corpus_only
Yunmapped_0615,yajnadevam_glyphid,,,,,0,55,0.0182,0.0909,0.8909,True,corpus_only
Yunmapped_0892,yajnadevam_glyphid,,,,,0,50,0.36,0.16,0.48,True,corpus_only
Yunmapped_0845,yajnadevam_glyphid,,,,,0,40,0.0,0.0,1.0,True,corpus_only
Yunmapped_0501,yajnadevam_glyphid,,,,,0,31,0.0,0.9355,0.0645,True,corpus_only
Yunmapped_0158,yajnadevam_glyphid,,,,,0,27,0.4444,0.037,0.5185,True,corpus_only
Yunmapped_0335,yajnadevam_glyphid,,,,,0,24,0.0417,0.0417,0.9167,True,corpus_only
Yunmapped_0482,yajnadevam_glyphid,,,,,0,23,0.087,0.087,0.8261,True,corpus_only
Yunmapped_0236,yajnadevam_glyphid,,,,,0,21,0.381,0.1429,0.4762,True,corpus_only
Yunmapped_0636,yajnadevam_glyphid,,,,,0,19,0.0,0.0,1.0,True,corpus_only
Yunmapped_0384,yajnadevam_glyphid,,,,,0,19,0.0526,0.1579,0.7895,True,corpus_only
Yunmapped_0832,yajnadevam_glyphid,,,,,0,19,0.2632,0.2105,0.5263,True,corpus_only
Yunmapped_0034,yajnadevam_glyphid,,,,,0,18,0.1667,0.6667,0.1667,True,corpus_only
Yunmapped_0091,yajnadevam_glyphid,,,,,0,17,0.0,0.9412,0.0588,True,corpus_only
Yunmapped_0495,yajnadevam_glyphid,,,,,0,16,0.0,0.5,0.5,True,corpus_only
Yunmapped_0097,yajnadevam_glyphid,,,,,0,16,0.0,0.375,0.625,True,corpus_only
Yunmapped_0480,yajnadevam_glyphid,,,,,0,15,0.0667,0.2,0.7333,True,corpus_only
Yunmapped_0436,yajnadevam_glyphid,,,,,0,14,0.0714,0.0,0.9286,True,corpus_only
Yunmapped_0137,yajnadevam_glyphid,,,,,0,14,0.2857,0.6429,0.0714,True,corpus_only
Yunmapped_0491,yajnadevam_glyphid,,,,,0,14,0.0,0.8571,0.1429,True,corpus_only
Yunmapped_0645,yajnadevam_glyphid,,,,,0,14,0.1429,0.0,0.8571,True,corpus_only
Yunmapped_0321,yajnadevam_glyphid,,,,,0,13,0.0,0.0769,0.9231,True,corpus_only
Yunmapped_0679,yajnadevam_glyphid,,,,,0,13,0.7692,0.2308,0.0,True,corpus_only
Yunmapped_0838,yajnadevam_glyphid,,,,,0,12,0.0,0.3333,0.6667,True,corpus_only
Yunmapped_0711,yajnadevam_glyphid,,,,,0,12,0.0,0.0,1.0,True,corpus_only
Yunmapped_0605,yajnadevam_glyphid,,,,,0,12,0.0,0.6667,0.3333,True,corpus_only
Yunmapped_0318,yajnadevam_glyphid,,,,,0,12,0.0,0.0,1.0,True,corpus_only
Yunmapped_0921,yajnadevam_glyphid,,,,,0,12,0.0,0.3333,0.6667,True,corpus_only
Yunmapped_0905,yajnadevam_glyphid,,,,,0,11,0.0,0.9091,0.0909,True,corpus_only
Yunmapped_0554,yajnadevam_glyphid,,,,,0,10,0.0,0.3,0.7,True,corpus_only
Yunmapped_0821,yajnadevam_glyphid,,,,,0,10,0.1,0.5,0.4,True,corpus_only
Yunmapped_0530,yajnadevam_glyphid,,,,,0,10,0.1,0.2,0.7,True,corpus_only
Yunmapped_0161,yajnadevam_glyphid,,,,,0,10,1.0,0.0,0.0,True,corpus_only
Yunmapped_0519,yajnadevam_glyphid,,,,,0,10,0.0,0.6,0.4,True,corpus_only
Yunmapped_0056,yajnadevam_glyphid,,,,,0,10,0.0,0.1,0.9,True,corpus_only
Yunmapped_0241,yajnadevam_glyphid,,,,,0,10,0.8,0.0,0.2,True,corpus_only
Yunmapped_0792,yajnadevam_glyphid,,,,,0,9,0.0,0.6667,0.3333,True,corpus_only
Yunmapped_0347,yajnadevam_glyphid,,,,,0,9,0.0,0.8889,0.1111,True,corpus_only
Yunmapped_0063,yajnadevam_glyphid,,,,,0,9,0.1111,0.1111,0.7778,True,corpus_only
Yunmapped_0510,yajnadevam_glyphid,,,,,0,8,0.0,0.5,0.5,True,corpus_only
Yunmapped_0844,yajnadevam_glyphid,,,,,0,8,0.0,0.25,0.75,True,corpus_only
Yunmapped_0232,yajnadevam_glyphid,,,,,0,8,0.375,0.125,0.5,True,corpus_only
Yunmapped_0804,yajnadevam_glyphid,,,,,0,8,0.5,0.125,0.375,True,corpus_only
Yunmapped_0315,yajnadevam_glyphid,,,,,0,8,0.0,0.375,0.625,True,corpus_only
Yunmapped_0468,yajnadevam_glyphid,,,,,0,8,0.0,0.75,0.25,True,corpus_only
Yunmapped_0417,yajnadevam_glyphid,,,,,0,8,0.0,0.0,1.0,True,corpus_only
Yunmapped_0927,yajnadevam_glyphid,,,,,0,8,0.0,0.25,0.75,True,corpus_only
Yunmapped_0597,yajnadevam_glyphid,,,,,0,8,0.0,0.0,1.0,True,corpus_only
Yunmapped_0298,yajnadevam_glyphid,,,,,0,7,0.5714,0.0,0.4286,True,corpus_only
Yunmapped_0592,yajnadevam_glyphid,,,,,0,7,0.5714,0.2857,0.1429,True,corpus_only
Yunmapped_0365,yajnadevam_glyphid,,,,,0,7,0.2857,0.0,0.7143,True,corpus_only
Yunmapped_0015,yajnadevam_glyphid,,,,,0,7,0.1429,0.5714,0.2857,True,corpus_only
Yunmapped_0098,yajnadevam_glyphid,,,,,0,7,0.0,0.7143,0.2857,True,corpus_only
Yunmapped_0467,yajnadevam_glyphid,,,,,0,7,0.0,0.5714,0.4286,True,corpus_only
Yunmapped_0540,yajnadevam_glyphid,,,,,0,7,0.0,0.2857,0.7143,True,corpus_only
Yunmapped_0703,yajnadevam_glyphid,,,,,0,7,0.0,0.5714,0.4286,True,corpus_only
Yunmapped_0422,yajnadevam_glyphid,,,,,0,7,0.7143,0.0,0.2857,True,corpus_only
Yunmapped_0066,yajnadevam_glyphid,,,,,0,6,0.1667,0.3333,0.5,True,corpus_only
Yunmapped_0702,yajnadevam_glyphid,,,,,0,6,0.0,0.3333,0.6667,True,corpus_only
Yunmapped_0603,yajnadevam_glyphid,,,,,0,6,0.0,0.5,0.5,True,corpus_only
Yunmapped_0219,yajnadevam_glyphid,,,,,0,6,0.0,0.6667,0.3333,True,corpus_only
Yunmapped_0924,yajnadevam_glyphid,,,,,0,6,0.1667,0.3333,0.5,True,corpus_only
Yunmapped_0824,yajnadevam_glyphid,,,,,0,6,0.1667,0.8333,0.0,True,corpus_only
Yunmapped_0370,yajnadevam_glyphid,,,,,0,6,0.0,1.0,0.0,True,corpus_only
Yunmapped_0354,yajnadevam_glyphid,,,,,0,6,0.1667,0.3333,0.5,True,corpus_only
Yunmapped_0626,yajnadevam_glyphid,,,,,0,6,0.0,0.1667,0.8333,True,corpus_only
Yunmapped_0518,yajnadevam_glyphid,,,,,0,6,0.0,0.5,0.5,True,corpus_only
Yunmapped_0064,yajnadevam_glyphid,,,,,0,6,0.6667,0.1667,0.1667,True,corpus_only
Yunmapped_0465,yajnadevam_glyphid,,,,,0,6,0.0,0.8333,0.1667,True,corpus_only
Yunmapped_0234,yajnadevam_glyphid,,,,,0,6,0.3333,0.5,0.1667,True,corpus_only
Yunmapped_0423,yajnadevam_glyphid,,,,,0,6,0.8333,0.0,0.1667,True,corpus_only
Yunmapped_0777,yajnadevam_glyphid,,,,,0,6,1.0,0.0,0.0,True,corpus_only
Yunmapped_0426,yajnadevam_glyphid,,,,,0,5,0.8,0.2,0.0,True,corpus_only
Yunmapped_0456,yajnadevam_glyphid,,,,,0,5,0.0,0.6,0.4,True,corpus_only
Yunmapped_0791,yajnadevam_glyphid,,,,,0,5,0.2,0.4,0.4,True,corpus_only
Yunmapped_0221,yajnadevam_glyphid,,,,,0,5,0.0,0.6,0.4,True,corpus_only
Yunmapped_0808,yajnadevam_glyphid,,,,,0,5,0.2,0.8,0.0,True,corpus_only
Yunmapped_0869,yajnadevam_glyphid,,,,,0,5,0.8,0.0,0.2,True,corpus_only
Yunmapped_0352,yajnadevam_glyphid,,,,,0,5,0.0,0.6,0.4,True,corpus_only
Yunmapped_0155,yajnadevam_glyphid,,,,,0,5,0.6,0.0,0.4,True,corpus_only
Yunmapped_0637,yajnadevam_glyphid,,,,,0,5,0.2,0.2,0.6,True,corpus_only
Yunmapped_0027,yajnadevam_glyphid,,,,,0,5,0.0,1.0,0.0,True,corpus_only
Yunmapped_0408,yajnadevam_glyphid,,,,,0,5,0.4,0.6,0.0,True,corpus_only
Yunmapped_0201,yajnadevam_glyphid,,,,,0,5,0.0,1.0,0.0,True,corpus_only
Yunmapped_0257,yajnadevam_glyphid,,,,,0,5,0.2,0.0,0.8,True,corpus_only
Yunmapped_0159,yajnadevam_glyphid,,,,,0,5,0.6,0.0,0.4,True,corpus_only
Yunmapped_0472,yajnadevam_glyphid,,,,,0,5,0.0,0.4,0.6,True,corpus_only
Yunmapped_0263,yajnadevam_glyphid,,,,,0,5,0.0,0.8,0.2,True,corpus_only
Yunmapped_0564,yajnadevam_glyphid,,,,,0,5,0.0,0.4,0.6,True,corpus_only
Yunmapped_0401,yajnadevam_glyphid,,,,,0,5,0.8,0.0,0.2,True,corpus_only
Yunmapped_0842,yajnadevam_glyphid,,,,,0,4,1.0,0.0,0.0,True,corpus_only
Yunmapped_0067,yajnadevam_glyphid,,,,,0,4,0.0,0.25,0.75,True,corpus_only
Yunmapped_0525,yajnadevam_glyphid,,,,,0,4,0.25,0.0,0.75,True,corpus_only
Yunmapped_0028,yajnadevam_glyphid,,,,,0,4,0.0,1.0,0.0,True,corpus_only
Yunmapped_0153,yajnadevam_glyphid,,,,,0,4,0.75,0.0,0.25,True,corpus_only
Yunmapped_0868,yajnadevam_glyphid,,,,,0,4,1.0,0.0,0.0,True,corpus_only
Yunmapped_0204,yajnadevam_glyphid,,,,,0,4,0.25,0.0,0.75,True,corpus_only
Yunmapped_0712,yajnadevam_glyphid,,,,,0,4,1.0,0.0,0.0,True,corpus_only
Yunmapped_0049,yajnadevam_glyphid,,,,,0,4,0.0,0.5,0.5,True,corpus_only
Yunmapped_0625,yajnadevam_glyphid,,,,,0,4,0.0,0.5,0.5,True,corpus_only
Yunmapped_0380,yajnadevam_glyphid,,,,,0,4,0.0,0.75,0.25,True,corpus_only
Yunmapped_0910,yajnadevam_glyphid,,,,,0,4,0.0,1.0,0.0,True,corpus_only
Yunmapped_0132,yajnadevam_glyphid,,,,,0,4,0.0,0.5,0.5,True,corpus_only
Yunmapped_0323,yajnadevam_glyphid,,,,,0,4,0.0,0.75,0.25,True,corpus_only
Yunmapped_0409,yajnadevam_glyphid,,,,,0,4,1.0,0.0,0.0,True,corpus_only
Yunmapped_0443,yajnadevam_glyphid,,,,,0,4,0.0,0.0,1.0,True,corpus_only
Yunmapped_0267,yajnadevam_glyphid,,,,,0,4,0.25,0.0,0.75,True,corpus_only
Yunmapped_0167,yajnadevam_glyphid,,,,,0,4,1.0,0.0,0.0,True,corpus_only
Yunmapped_0353,yajnadevam_glyphid,,,,,0,4,0.0,0.75,0.25,True,corpus_only
Yunmapped_0736,yajnadevam_glyphid,,,,,0,4,0.0,1.0,0.0,True,corpus_only
Yunmapped_0871,yajnadevam_glyphid,,,,,0,4,0.5,0.25,0.25,True,corpus_only
Yunmapped_0746,yajnadevam_glyphid,,,,,0,4,0.0,0.5,0.5,True,corpus_only
Yunmapped_0749,yajnadevam_glyphid,,,,,0,4,1.0,0.0,0.0,True,corpus_only
Yunmapped_0903,yajnadevam_glyphid,,,,,0,4,0.0,0.5,0.5,True,corpus_only
Yunmapped_0421,yajnadevam_glyphid,,,,,0,4,0.0,0.25,0.75,True,corpus_only
Yunmapped_0634,yajnadevam_glyphid,,,,,0,3,0.0,1.0,0.0,True,corpus_only
Yunmapped_0014,yajnadevam_glyphid,,,,,0,3,0.0,0.6667,0.3333,True,corpus_only
Yunmapped_0019,yajnadevam_glyphid,,,,,0,3,0.0,0.6667,0.3333,True,corpus_only
Yunmapped_0856,yajnadevam_glyphid,,,,,0,3,0.3333,0.6667,0.0,True,corpus_only
Yunmapped_0893,yajnadevam_glyphid,,,,,0,3,0.0,0.3333,0.6667,True,corpus_only
Yunmapped_0103,yajnadevam_glyphid,,,,,0,3,0.3333,0.0,0.6667,True,corpus_only
Yunmapped_0829,yajnadevam_glyphid,,,,,0,3,0.0,1.0,0.0,True,corpus_only
Yunmapped_0420,yajnadevam_glyphid,,,,,0,3,0.0,0.0,1.0,True,corpus_only
Yunmapped_0805,yajnadevam_glyphid,,,,,0,3,0.0,0.3333,0.6667,True,corpus_only
Yunmapped_0470,yajnadevam_glyphid,,,,,0,3,0.0,0.6667,0.3333,True,corpus_only
Yunmapped_0193,yajnadevam_glyphid,,,,,0,3,0.0,0.6667,0.3333,True,corpus_only
Yunmapped_0146,yajnadevam_glyphid,,,,,0,3,0.0,1.0,0.0,True,corpus_only
Yunmapped_0639,yajnadevam_glyphid,,,,,0,3,0.0,0.0,1.0,True,corpus_only
Yunmapped_0216,yajnadevam_glyphid,,,,,0,3,0.0,1.0,0.0,True,corpus_only
Yunmapped_0177,yajnadevam_glyphid,,,,,0,3,0.0,0.3333,0.6667,True,corpus_only
Yunmapped_0036,yajnadevam_glyphid,,,,,0,3,0.3333,0.3333,0.3333,True,corpus_only
Yunmapped_0930,yajnadevam_glyphid,,,,,0,3,1.0,0.0,0.0,True,corpus_only
Yunmapped_0007,yajnadevam_glyphid,,,,,0,3,0.0,0.0,1.0,True,corpus_only
Yunmapped_0561,yajnadevam_glyphid,,,,,0,3,0.3333,0.3333,0.3333,True,corpus_only
Yunmapped_0268,yajnadevam_glyphid,,,,,0,3,0.0,0.0,1.0,True,corpus_only
Yunmapped_0710,yajnadevam_glyphid,,,,,0,3,0.3333,0.3333,0.3333,True,corpus_only
Yunmapped_0543,yajnadevam_glyphid,,,,,0,3,0.0,0.0,1.0,True,corpus_only
Yunmapped_0285,yajnadevam_glyphid,,,,,0,3,0.0,0.6667,0.3333,True,corpus_only
Yunmapped_0346,yajnadevam_glyphid,,,,,0,3,0.0,0.6667,0.3333,True,corpus_only
Yunmapped_0392,yajnadevam_glyphid,,,,,0,3,0.3333,0.3333,0.3333,True,corpus_only
Yunmapped_0912,yajnadevam_glyphid,,,,,0,3,0.0,0.6667,0.3333,True,corpus_only
Yunmapped_0322,yajnadevam_glyphid,,,,,0,3,0.0,0.6667,0.3333,True,corpus_only
Yunmapped_0278,yajnadevam_glyphid,,,,,0,3,0.0,0.3333,0.6667,True,corpus_only
Yunmapped_0552,yajnadevam_glyphid,,,,,0,3,0.0,0.0,1.0,True,corpus_only
Yunmapped_0483,yajnadevam_glyphid,,,,,0,3,0.0,0.0,1.0,True,corpus_only
Yunmapped_0150,yajnadevam_glyphid,,,,,0,3,0.0,0.0,1.0,True,corpus_only
Yunmapped_0744,yajnadevam_glyphid,,,,,0,3,0.0,0.6667,0.3333,True,corpus_only
Yunmapped_0160,yajnadevam_glyphid,,,,,0,3,0.3333,0.3333,0.3333,True,corpus_only
Yunmapped_0292,yajnadevam_glyphid,,,,,0,3,0.3333,0.0,0.6667,True,corpus_only
Yunmapped_0410,yajnadevam_glyphid,,,,,0,2,1.0,0.0,0.0,True,corpus_only
Yunmapped_0797,yajnadevam_glyphid,,,,,0,2,0.0,1.0,0.0,True,corpus_only
Yunmapped_0308,yajnadevam_glyphid,,,,,0,2,0.0,0.0,1.0,True,corpus_only
Yunmapped_0767,yajnadevam_glyphid,,,,,0,2,0.0,0.5,0.5,True,corpus_only
Yunmapped_0785,yajnadevam_glyphid,,,,,0,2,0.0,0.0,1.0,True,corpus_only
Yunmapped_0775,yajnadevam_glyphid,,,,,0,2,0.0,0.0,1.0,True,corpus_only
Yunmapped_0516,yajnadevam_glyphid,,,,,0,2,0.0,1.0,0.0,True,corpus_only
Yunmapped_0799,yajnadevam_glyphid,,,,,0,2,0.0,1.0,0.0,True,corpus_only
Yunmapped_0143,yajnadevam_glyphid,,,,,0,2,0.5,0.0,0.5,True,corpus_only
Yunmapped_0534,yajnadevam_glyphid,,,,,0,2,0.5,0.0,0.5,True,corpus_only
Yunmapped_0118,yajnadevam_glyphid,,,,,0,2,0.0,1.0,0.0,True,corpus_only
Yunmapped_0062,yajnadevam_glyphid,,,,,0,2,0.0,0.0,1.0,True,corpus_only
Yunmapped_0242,yajnadevam_glyphid,,,,,0,2,0.0,0.0,1.0,True,corpus_only
Yunmapped_0025,yajnadevam_glyphid,,,,,0,2,0.0,1.0,0.0,True,corpus_only
Yunmapped_0494,yajnadevam_glyphid,,,,,0,2,0.5,0.5,0.0,True,corpus_only
Yunmapped_0326,yajnadevam_glyphid,,,,,0,2,0.0,0.5,0.5,True,corpus_only
Yunmapped_0381,yajnadevam_glyphid,,,,,0,2,0.0,0.5,0.5,True,corpus_only
Yunmapped_0950,yajnadevam_glyphid,,,,,0,2,0.0,0.5,0.5,True,corpus_only
Yunmapped_0610,yajnadevam_glyphid,,,,,0,2,0.0,0.0,1.0,True,corpus_only
Yunmapped_0192,yajnadevam_glyphid,,,,,0,2,0.0,0.0,1.0,True,corpus_only
Yunmapped_0316,yajnadevam_glyphid,,,,,0,2,0.0,0.5,0.5,True,corpus_only
Yunmapped_0367,yajnadevam_glyphid,,,,,0,2,0.5,0.0,0.5,True,corpus_only
Yunmapped_0898,yajnadevam_glyphid,,,,,0,2,0.0,0.5,0.5,True,corpus_only
Yunmapped_0783,yajnadevam_glyphid,,,,,0,2,0.0,0.0,1.0,True,corpus_only
Yunmapped_0059,yajnadevam_glyphid,,,,,0,2,0.0,1.0,0.0,True,corpus_only
Yunmapped_0178,yajnadevam_glyphid,,,,,0,2,0.0,1.0,0.0,True,corpus_only
Yunmapped_0770,yajnadevam_glyphid,,,,,0,2,0.0,0.0,1.0,True,corpus_only
Yunmapped_0795,yajnadevam_glyphid,,,,,0,2,0.5,0.5,0.0,True,corpus_only
Yunmapped_0528,yajnadevam_glyphid,,,,,0,2,0.0,1.0,0.0,True,corpus_only
Yunmapped_0896,yajnadevam_glyphid,,,,,0,2,0.0,1.0,0.0,True,corpus_only
Yunmapped_0195,yajnadevam_glyphid,,,,,0,2,0.0,1.0,0.0,True,corpus_only
Yunmapped_0200,yajnadevam_glyphid,,,,,0,2,0.5,0.0,0.5,True,corpus_only
Yunmapped_0229,yajnadevam_glyphid,,,,,0,2,0.0,1.0,0.0,True,corpus_only
Yunmapped_0836,yajnadevam_glyphid,,,,,0,2,0.0,0.0,1.0,True,corpus_only
Yunmapped_0082,yajnadevam_glyphid,,,,,0,2,0.0,0.5,0.5,True,corpus_only
Yunmapped_0411,yajnadevam_glyphid,,,,,0,2,0.5,0.0,0.5,True,corpus_only
Yunmapped_0813,yajnadevam_glyphid,,,,,0,2,0.0,0.0,1.0,True,corpus_only
Yunmapped_0720,yajnadevam_glyphid,,,,,0,2,0.0,0.5,0.5,True,corpus_only
Yunmapped_0865,yajnadevam_glyphid,,,,,0,2,1.0,0.0,0.0,True,corpus_only
Yunmapped_0825,yajnadevam_glyphid,,,,,0,2,0.0,0.0,1.0,True,corpus_only
Yunmapped_0262,yajnadevam_glyphid,,,,,0,2,0.0,1.0,0.0,True,corpus_only
Yunmapped_0046,yajnadevam_glyphid,,,,,0,2,0.0,1.0,0.0,True,corpus_only
Yunmapped_0698,yajnadevam_glyphid,,,,,0,2,0.0,1.0,0.0,True,corpus_only
Yunmapped_0286,yajnadevam_glyphid,,,,,0,2,0.5,0.0,0.5,True,corpus_only
Yunmapped_0012,yajnadevam_glyphid,,,,,0,2,0.0,0.5,0.5,True,corpus_only
Yunmapped_0683,yajnadevam_glyphid,,,,,0,2,0.0,1.0,0.0,True,corpus_only
Yunmapped_0191,yajnadevam_glyphid,,,,,0,2,0.0,0.5,0.5,True,corpus_only
Yunmapped_0042,yajnadevam_glyphid,,,,,0,2,0.0,0.0,1.0,True,corpus_only
Yunmapped_0029,yajnadevam_glyphid,,,,,0,2,0.0,0.5,0.5,True,corpus_only
Yunmapped_0096,yajnadevam_glyphid,,,,,0,2,0.0,1.0,0.0,True,corpus_only
Yunmapped_0919,yajnadevam_glyphid,,,,,0,2,0.0,0.0,1.0,True,corpus_only
Yunmapped_0891,yajnadevam_glyphid,,,,,0,2,0.0,1.0,0.0,True,corpus_only
Yunmapped_0450,yajnadevam_glyphid,,,,,0,2,0.5,0.0,0.5,True,corpus_only
Yunmapped_0479,yajnadevam_glyphid,,,,,0,2,0.0,1.0,0.0,True,corpus_only
Yunmapped_0513,yajnadevam_glyphid,,,,,0,2,0.0,0.5,0.5,True,corpus_only
Yunmapped_0721,yajnadevam_glyphid,,,,,0,2,0.0,0.0,1.0,True,corpus_only
Yunmapped_0092,yajnadevam_glyphid,,,,,0,2,0.0,0.0,1.0,True,corpus_only
Yunmapped_0157,yajnadevam_glyphid,,,,,0,2,1.0,0.0,0.0,True,corpus_only
Yunmapped_0533,yajnadevam_glyphid,,,,,0,2,0.0,0.0,1.0,True,corpus_only
Yunmapped_0324,yajnadevam_glyphid,,,,,0,2,0.5,0.5,0.0,True,corpus_only
Yunmapped_0747,yajnadevam_glyphid,,,,,0,2,0.0,1.0,0.0,True,corpus_only
Yunmapped_0341,yajnadevam_glyphid,,,,,0,2,1.0,0.0,0.0,True,corpus_only
Yunmapped_0071,yajnadevam_glyphid,,,,,0,2,0.0,0.0,1.0,True,corpus_only
Yunmapped_0299,yajnadevam_glyphid,,,,,0,2,0.0,0.0,1.0,True,corpus_only
Yunmapped_0901,yajnadevam_glyphid,,,,,0,2,0.0,0.5,0.5,True,corpus_only
Yunmapped_0006,yajnadevam_glyphid,,,,,0,2,0.0,0.5,0.5,True,corpus_only
Yunmapped_0351,yajnadevam_glyphid,,,,,0,2,0.0,0.5,0.5,True,corpus_only
Yunmapped_0828,yajnadevam_glyphid,,,,,0,2,0.5,0.5,0.0,True,corpus_only
Yunmapped_0732,yajnadevam_glyphid,,,,,0,2,0.0,0.5,0.5,True,corpus_only
Yunmapped_0544,yajnadevam_glyphid,,,,,0,2,0.0,0.5,0.5,True,corpus_only
Yunmapped_0319,yajnadevam_glyphid,,,,,0,2,0.0,0.5,0.5,True,corpus_only
Yunmapped_0680,yajnadevam_glyphid,,,,,0,2,0.5,0.0,0.5,True,corpus_only
Yunmapped_0041,yajnadevam_glyphid,,,,,0,2,0.5,0.5,0.0,True,corpus_only
Yunmapped_0127,yajnadevam_glyphid,,,,,0,2,0.5,0.5,0.0,True,corpus_only
Yunmapped_0424,yajnadevam_glyphid,,,,,0,2,0.5,0.5,0.0,True,corpus_only
Yunmapped_0922,yajnadevam_glyphid,,,,,0,2,0.0,1.0,0.0,True,corpus_only
Yunmapped_0933,yajnadevam_glyphid,,,,,0,2,0.0,0.5,0.5,True,corpus_only
Yunmapped_0170,yajnadevam_glyphid,,,,,0,1,0.0,0.0,1.0,True,corpus_only
Yunmapped_0050,yajnadevam_glyphid,,,,,0,1,0.0,0.0,1.0,True,corpus_only
Yunmapped_0386,yajnadevam_glyphid,,,,,0,1,0.0,1.0,0.0,True,corpus_only
Yunmapped_0647,yajnadevam_glyphid,,,,,0,1,0.0,0.0,1.0,True,corpus_only
Yunmapped_0713,yajnadevam_glyphid,,,,,0,1,0.0,1.0,0.0,True,corpus_only
Yunmapped_0429,yajnadevam_glyphid,,,,,0,1,1.0,0.0,0.0,True,corpus_only
Yunmapped_0230,yajnadevam_glyphid,,,,,0,1,0.0,1.0,0.0,True,corpus_only
Yunmapped_0128,yajnadevam_glyphid,,,,,0,1,0.0,0.0,1.0,True,corpus_only
Yunmapped_0822,yajnadevam_glyphid,,,,,0,1,1.0,0.0,0.0,True,corpus_only
Yunmapped_0375,yajnadevam_glyphid,,,,,0,1,1.0,0.0,0.0,True,corpus_only
Yunmapped_0445,yajnadevam_glyphid,,,,,0,1,0.0,1.0,0.0,True,corpus_only
Yunmapped_0117,yajnadevam_glyphid,,,,,0,1,0.0,1.0,0.0,True,corpus_only
Yunmapped_0914,yajnadevam_glyphid,,,,,0,1,0.0,1.0,0.0,True,corpus_only
Yunmapped_0678,yajnadevam_glyphid,,,,,0,1,0.0,1.0,0.0,True,corpus_only
Yunmapped_0862,yajnadevam_glyphid,,,,,0,1,0.0,0.0,1.0,True,corpus_only
Yunmapped_0515,yajnadevam_glyphid,,,,,0,1,0.0,0.0,1.0,True,corpus_only
Yunmapped_0126,yajnadevam_glyphid,,,,,0,1,0.0,1.0,0.0,True,corpus_only
Yunmapped_0110,yajnadevam_glyphid,,,,,0,1,1.0,0.0,0.0,True,corpus_only
Yunmapped_0141,yajnadevam_glyphid,,,,,0,1,0.0,1.0,0.0,True,corpus_only
Yunmapped_0275,yajnadevam_glyphid,,,,,0,1,0.0,0.0,1.0,True,corpus_only
Yunmapped_0293,yajnadevam_glyphid,,,,,0,1,0.0,0.0,1.0,True,corpus_only
Yunmapped_0546,yajnadevam_glyphid,,,,,0,1,0.0,1.0,0.0,True,corpus_only
Yunmapped_0876,yajnadevam_glyphid,,,,,0,1,1.0,0.0,0.0,True,corpus_only
Yunmapped_0578,yajnadevam_glyphid,,,,,0,1,0.0,0.0,1.0,True,corpus_only
Yunmapped_0682,yajnadevam_glyphid,,,,,0,1,1.0,0.0,0.0,True,corpus_only
Yunmapped_0852,yajnadevam_glyphid,,,,,0,1,0.0,1.0,0.0,True,corpus_only
Yunmapped_0152,yajnadevam_glyphid,,,,,0,1,0.0,0.0,1.0,True,corpus_only
Yunmapped_0681,yajnadevam_glyphid,,,,,0,1,0.0,1.0,0.0,True,corpus_only
Yunmapped_0276,yajnadevam_glyphid,,,,,0,1,0.0,1.0,0.0,True,corpus_only
Yunmapped_0051,yajnadevam_glyphid,,,,,0,1,0.0,1.0,0.0,True,corpus_only
Yunmapped_0902,yajnadevam_glyphid,,,,,0,1,0.0,1.0,0.0,True,corpus_only
Yunmapped_0542,yajnadevam_glyphid,,,,,0,1,0.0,0.0,1.0,True,corpus_only
Yunmapped_0596,yajnadevam_glyphid,,,,,0,1,0.0,0.0,1.0,True,corpus_only
Yunmapped_0640,yajnadevam_glyphid,,,,,0,1,0.0,1.0,0.0,True,corpus_only
Yunmapped_0430,yajnadevam_glyphid,,,,,0,1,1.0,0.0,0.0,True,corpus_only
Yunmapped_0057,yajnadevam_glyphid,,,,,0,1,0.0,1.0,0.0,True,corpus_only
Yunmapped_0280,yajnadevam_glyphid,,,,,0,1,0.0,0.0,1.0,True,corpus_only
Yunmapped_0253,yajnadevam_glyphid,,,,,0,1,0.0,0.0,1.0,True,corpus_only
Yunmapped_0870,yajnadevam_glyphid,,,,,0,1,0.0,1.0,0.0,True,corpus_only
Yunmapped_0748,yajnadevam_glyphid,,,,,0,1,1.0,0.0,0.0,True,corpus_only
Yunmapped_0471,yajnadevam_glyphid,,,,,0,1,0.0,0.0,1.0,True,corpus_only
Yunmapped_0811,yajnadevam_glyphid,,,,,0,1,0.0,0.0,1.0,True,corpus_only
Yunmapped_0469,yajnadevam_glyphid,,,,,0,1,0.0,0.0,1.0,True,corpus_only
Yunmapped_0203,yajnadevam_glyphid,,,,,0,1,1.0,0.0,0.0,True,corpus_only
Yunmapped_0918,yajnadevam_glyphid,,,,,0,1,0.0,1.0,0.0,True,corpus_only
Yunmapped_0330,yajnadevam_glyphid,,,,,0,1,0.0,0.0,1.0,True,corpus_only
Yunmapped_0305,yajnadevam_glyphid,,,,,0,1,0.0,0.0,1.0,True,corpus_only
Yunmapped_0863,yajnadevam_glyphid,,,,,0,1,0.0,1.0,0.0,True,corpus_only
Yunmapped_0830,yajnadevam_glyphid,,,,,0,1,0.0,0.0,1.0,True,corpus_only
Yunmapped_0728,yajnadevam_glyphid,,,,,0,1,0.0,1.0,0.0,True,corpus_only
Yunmapped_0266,yajnadevam_glyphid,,,,,0,1,0.0,1.0,0.0,True,corpus_only
Yunmapped_0172,yajnadevam_glyphid,,,,,0,1,0.0,0.0,1.0,True,corpus_only
Yunmapped_0576,yajnadevam_glyphid,,,,,0,1,0.0,0.0,1.0,True,corpus_only
Yunmapped_0138,yajnadevam_glyphid,,,,,0,1,1.0,0.0,0.0,True,corpus_only
Yunmapped_0294,yajnadevam_glyphid,,,,,0,1,1.0,0.0,0.0,True,corpus_only
Yunmapped_0833,yajnadevam_glyphid,,,,,0,1,0.0,0.0,1.0,True,corpus_only
Yunmapped_0826,yajnadevam_glyphid,,,,,0,1,0.0,1.0,0.0,True,corpus_only
Yunmapped_0716,yajnadevam_glyphid,,,,,0,1,0.0,1.0,0.0,True,corpus_only
Yunmapped_0442,yajnadevam_glyphid,,,,,0,1,1.0,0.0,0.0,True,corpus_only
Yunmapped_0490,yajnadevam_glyphid,,,,,0,1,0.0,1.0,0.0,True,corpus_only
Yunmapped_0947,yajnadevam_glyphid,,,,,0,1,0.0,0.0,1.0,True,corpus_only
Yunmapped_0895,yajnadevam_glyphid,,,,,0,1,0.0,0.0,1.0,True,corpus_only
Yunmapped_0866,yajnadevam_glyphid,,,,,0,1,1.0,0.0,0.0,True,corpus_only
Yunmapped_0441,yajnadevam_glyphid,,,,,0,1,0.0,0.0,1.0,True,corpus_only
Yunmapped_0180,yajnadevam_glyphid,,,,,0,1,0.0,1.0,0.0,True,corpus_only
Yunmapped_0306,yajnadevam_glyphid,,,,,0,1,0.0,0.0,1.0,True,corpus_only
Yunmapped_0778,yajnadevam_glyphid,,,,,0,1,0.0,0.0,1.0,True,corpus_only
Yunmapped_0166,yajnadevam_glyphid,,,,,0,1,0.0,1.0,0.0,True,corpus_only
Yunmapped_0685,yajnadevam_glyphid,,,,,0,1,0.0,0.0,1.0,True,corpus_only
Yunmapped_0952,yajnadevam_glyphid,,,,,0,1,0.0,0.0,1.0,True,corpus_only
Yunmapped_0506,yajnadevam_glyphid,,,,,0,1,1.0,0.0,0.0,True,corpus_only
Yunmapped_0810,yajnadevam_glyphid,,,,,0,1,0.0,0.0,1.0,True,corpus_only
Yunmapped_0194,yajnadevam_glyphid,,,,,0,1,0.0,0.0,1.0,True,corpus_only
Yunmapped_0604,yajnadevam_glyphid,,,,,0,1,0.0,0.0,1.0,True,corpus_only
Yunmapped_0427,yajnadevam_glyphid,,,,,0,1,1.0,0.0,0.0,True,corpus_only
Yunmapped_0309,yajnadevam_glyphid,,,,,0,1,0.0,1.0,0.0,True,corpus_only
Yunmapped_0768,yajnadevam_glyphid,,,,,0,1,0.0,1.0,0.0,True,corpus_only
Yunmapped_0761,yajnadevam_glyphid,,,,,0,1,0.0,0.0,1.0,True,corpus_only
Yunmapped_0069,yajnadevam_glyphid,,,,,0,1,0.0,1.0,0.0,True,corpus_only
Yunmapped_0958,yajnadevam_glyphid,,,,,0,1,0.0,0.0,1.0,True,corpus_only
Yunmapped_0296,yajnadevam_glyphid,,,,,0,1,0.0,0.0,1.0,True,corpus_only
Yunmapped_0121,yajnadevam_glyphid,,,,,0,1,0.0,1.0,0.0,True,corpus_only
Yunmapped_0083,yajnadevam_glyphid,,,,,0,1,0.0,0.0,1.0,True,corpus_only
Yunmapped_0859,yajnadevam_glyphid,,,,,0,1,0.0,1.0,0.0,True,corpus_only
Yunmapped_0474,yajnadevam_glyphid,,,,,0,1,0.0,0.0,1.0,True,corpus_only
Yunmapped_0762,yajnadevam_glyphid,,,,,0,1,0.0,1.0,0.0,True,corpus_only
Yunmapped_0393,yajnadevam_glyphid,,,,,0,1,0.0,1.0,0.0,True,corpus_only
Yunmapped_0457,yajnadevam_glyphid,,,,,0,1,1.0,0.0,0.0,True,corpus_only
Yunmapped_0897,yajnadevam_glyphid,,,,,0,1,0.0,1.0,0.0,True,corpus_only
Yunmapped_0688,yajnadevam_glyphid,,,,,0,1,1.0,0.0,0.0,True,corpus_only
Yunmapped_0858,yajnadevam_glyphid,,,,,0,1,1.0,0.0,0.0,True,corpus_only
Yunmapped_0122,yajnadevam_glyphid,,,,,0,1,0.0,0.0,1.0,True,corpus_only
Yunmapped_0843,yajnadevam_glyphid,,,,,0,1,0.0,1.0,0.0,True,corpus_only
Yunmapped_0428,yajnadevam_glyphid,,,,,0,1,0.0,1.0,0.0,True,corpus_only
Yunmapped_0277,yajnadevam_glyphid,,,,,0,1,0.0,0.0,1.0,True,corpus_only
Yunmapped_0707,yajnadevam_glyphid,,,,,0,1,0.0,1.0,0.0,True,corpus_only
Yunmapped_0535,yajnadevam_glyphid,,,,,0,1,0.0,0.0,1.0,True,corpus_only
Yunmapped_0099,yajnadevam_glyphid,,,,,0,1,0.0,0.0,1.0,True,corpus_only
Yunmapped_0894,yajnadevam_glyphid,,,,,0,1,0.0,0.0,1.0,True,corpus_only
Yunmapped_0694,yajnadevam_glyphid,,,,,0,1,0.0,1.0,0.0,True,corpus_only
Yunmapped_0818,yajnadevam_glyphid,,,,,0,1,0.0,1.0,0.0,True,corpus_only
Yunmapped_0264,yajnadevam_glyphid,,,,,0,1,0.0,0.0,1.0,True,corpus_only
Yunmapped_0944,yajnadevam_glyphid,,,,,0,1,0.0,0.0,1.0,True,corpus_only
Yunmapped_0123,yajnadevam_glyphid,,,,,0,1,0.0,1.0,0.0,True,corpus_only
Yunmapped_0849,yajnadevam_glyphid,,,,,0,1,0.0,1.0,0.0,True,corpus_only
Yunmapped_0727,yajnadevam_glyphid,,,,,0,1,0.0,0.0,1.0,True,corpus_only
Yunmapped_0224,yajnadevam_glyphid,,,,,0,1,1.0,0.0,0.0,True,corpus_only
Yunmapped_0953,yajnadevam_glyphid,,,,,0,1,1.0,0.0,0.0,True,corpus_only
Yunmapped_0809,yajnadevam_glyphid,,,,,0,1,0.0,0.0,1.0,True,corpus_only
Yunmapped_0466,yajnadevam_glyphid,,,,,0,1,0.0,0.0,1.0,True,corpus_only
Yunmapped_0228,yajnadevam_glyphid,,,,,0,1,0.0,0.0,1.0,True,corpus_only
Yunmapped_0729,yajnadevam_glyphid,,,,,0,1,0.0,0.0,1.0,True,corpus_only
Yunmapped_0385,yajnadevam_glyphid,,,,,0,1,0.0,0.0,1.0,True,corpus_only
Yunmapped_0444,yajnadevam_glyphid,,,,,0,1,0.0,0.0,1.0,True,corpus_only
Yunmapped_0338,yajnadevam_glyphid,,,,,0,1,0.0,0.0,1.0,True,corpus_only
Yunmapped_0145,yajnadevam_glyphid,,,,,0,1,0.0,1.0,0.0,True,corpus_only
Yunmapped_0383,yajnadevam_glyphid,,,,,0,1,0.0,0.0,1.0,True,corpus_only
Yunmapped_0686,yajnadevam_glyphid,,,,,0,1,0.0,0.0,1.0,True,corpus_only
Yunmapped_0793,yajnadevam_glyphid,,,,,0,1,0.0,0.0,1.0,True,corpus_only
Yunmapped_0179,yajnadevam_glyphid,,,,,0,1,0.0,0.0,1.0,True,corpus_only
Yunmapped_0045,yajnadevam_glyphid,,,,,0,1,1.0,0.0,0.0,True,corpus_only
Yunmapped_0256,yajnadevam_glyphid,,,,,0,1,1.0,0.0,0.0,True,corpus_only
Yunmapped_0514,yajnadevam_glyphid,,,,,0,1,0.0,1.0,0.0,True,corpus_only
Yunmapped_0697,yajnadevam_glyphid,,,,,0,1,0.0,0.0,1.0,True,corpus_only
Yunmapped_0343,yajnadevam_glyphid,,,,,0,1,0.0,0.0,1.0,True,corpus_only
Yunmapped_0781,yajnadevam_glyphid,,,,,0,1,1.0,0.0,0.0,True,corpus_only
Yunmapped_0291,yajnadevam_glyphid,,,,,0,1,0.0,0.0,1.0,True,corpus_only
Yunmapped_0751,yajnadevam_glyphid,,,,,0,1,0.0,1.0,0.0,True,corpus_only
Yunmapped_0571,yajnadevam_glyphid,,,,,0,1,0.0,1.0,0.0,True,corpus_only
Yunmapped_0689,yajnadevam_glyphid,,,,,0,1,0.0,1.0,0.0,True,corpus_only
Yunmapped_0807,yajnadevam_glyphid,,,,,0,1,0.0,0.0,1.0,True,corpus_only
Yunmapped_0131,yajnadevam_glyphid,,,,,0,1,0.0,1.0,0.0,True,corpus_only
Yunmapped_0764,yajnadevam_glyphid,,,,,0,1,0.0,1.0,0.0,True,corpus_only
Yunmapped_0573,yajnadevam_glyphid,,,,,0,1,0.0,1.0,0.0,True,corpus_only
Yunmapped_0307,yajnadevam_glyphid,,,,,0,1,1.0,0.0,0.0,True,corpus_only
Yunmapped_0173,yajnadevam_glyphid,,,,,0,1,1.0,0.0,0.0,True,corpus_only
Yunmapped_0106,yajnadevam_glyphid,,,,,0,1,1.0,0.0,0.0,True,corpus_only
Yunmapped_0209,yajnadevam_glyphid,,,,,0,1,0.0,1.0,0.0,True,corpus_only
Yunmapped_0731,yajnadevam_glyphid,,,,,0,1,0.0,1.0,0.0,True,corpus_only
Yunmapped_0058,yajnadevam_glyphid,,,,,0,1,0.0,1.0,0.0,True,corpus_only
Yunmapped_0878,yajnadevam_glyphid,,,,,0,1,0.0,1.0,0.0,True,corpus_only
Yunmapped_0412,yajnadevam_glyphid,,,,,0,1,0.0,1.0,0.0,True,corpus_only
Yunmapped_0105,yajnadevam_glyphid,,,,,0,1,1.0,0.0,0.0,True,corpus_only
Yunmapped_0208,yajnadevam_glyphid,,,,,0,1,0.0,1.0,0.0,True,corpus_only
Yunmapped_0505,yajnadevam_glyphid,,,,,0,1,0.0,1.0,0.0,True,corpus_only
Yunmapped_0363,yajnadevam_glyphid,,,,,0,1,0.0,1.0,0.0,True,corpus_only
Yunmapped_0481,yajnadevam_glyphid,,,,,0,1,1.0,0.0,0.0,True,corpus_only
Yunmapped_0577,yajnadevam_glyphid,,,,,0,1,0.0,1.0,0.0,True,corpus_only
Yunmapped_0133,yajnadevam_glyphid,,,,,0,1,0.0,1.0,0.0,True,corpus_only
Yunmapped_0635,yajnadevam_glyphid,,,,,0,1,0.0,1.0,0.0,True,corpus_only
Yunmapped_0874,yajnadevam_glyphid,,,,,0,1,1.0,0.0,0.0,True,corpus_only
Yunmapped_0855,yajnadevam_glyphid,,,,,0,1,1.0,0.0,0.0,True,corpus_only
Yunmapped_0389,yajnadevam_glyphid,,,,,0,1,0.0,1.0,0.0,True,corpus_only
Yunmapped_0541,yajnadevam_glyphid,,,,,0,1,0.0,1.0,0.0,True,corpus_only
Yunmapped_0270,yajnadevam_glyphid,,,,,0,1,0.0,0.0,1.0,True,corpus_only
Yunmapped_0633,yajnadevam_glyphid,,,,,0,1,0.0,0.0,1.0,True,corpus_only
Yunmapped_0586,yajnadevam_glyphid,,,,,0,1,0.0,1.0,0.0,True,corpus_only
Yunmapped_0325,yajnadevam_glyphid,,,,,0,1,0.0,1.0,0.0,True,corpus_only
Yunmapped_0620,yajnadevam_glyphid,,,,,0,1,0.0,1.0,0.0,True,corpus_only
Yunmapped_0342,yajnadevam_glyphid,,,,,0,1,0.0,0.0,1.0,True,corpus_only
Yunmapped_0627,yajnadevam_glyphid,,,,,0,1,0.0,0.0,1.0,True,corpus_only
Yunmapped_0753,yajnadevam_glyphid,,,,,0,1,1.0,0.0,0.0,True,corpus_only
Yunmapped_0340,yajnadevam_glyphid,,,,,0,1,0.0,0.0,1.0,True,corpus_only
Yunmapped_0328,yajnadevam_glyphid,,,,,0,1,0.0,0.0,1.0,True,corpus_only
Yunmapped_0931,yajnadevam_glyphid,,,,,0,1,1.0,0.0,0.0,True,corpus_only
Yunmapped_0999,yajnadevam_glyphid,,,,,0,1,0.0,0.0,1.0,True,corpus_only
Yunmapped_0376,yajnadevam_glyphid,,,,,0,1,0.0,1.0,0.0,True,corpus_only
Yunmapped_0956,yajnadevam_glyphid,,,,,0,1,0.0,1.0,0.0,True,corpus_only
Yunmapped_0570,yajnadevam_glyphid,,,,,0,1,0.0,1.0,0.0,True,corpus_only
Yunmapped_0942,yajnadevam_glyphid,,,,,0,1,0.0,0.0,1.0,True,corpus_only
Yunmapped_0723,yajnadevam_glyphid,,,,,0,1,1.0,0.0,0.0,True,corpus_only
Yunmapped_0073,yajnadevam_glyphid,,,,,0,1,0.0,1.0,0.0,True,corpus_only
Yunmapped_0452,yajnadevam_glyphid,,,,,0,1,0.0,0.0,1.0,True,corpus_only
Yunmapped_0547,yajnadevam_glyphid,,,,,0,1,0.0,1.0,0.0,True,corpus_only
Yunmapped_0629,yajnadevam_glyphid,,,,,0,1,0.0,0.0,1.0,True,corpus_only
Yunmapped_0281,yajnadevam_glyphid,,,,,0,1,0.0,1.0,0.0,True,corpus_only
Yunmapped_0909,yajnadevam_glyphid,,,,,0,1,1.0,0.0,0.0,True,corpus_only
Yunmapped_0606,yajnadevam_glyphid,,,,,0,1,0.0,0.0,1.0,True,corpus_only
